UUID,Title,"First Name","Last Name","Street Address",Barangay,Municipality,Province,Country,"Phone Number","Mobile Number","Company Name","Company Website","Job Title","Favorite Color",Birthdate,"Email Address",Password
f61609a7-e556-3446-af2c-387f7d7ab2fc,Dr.,Jed,Williamson,"43A/30 Sipes Port Suite 642",Oroquieta,"San Carlos",Mississippi,Germany,872-866-695,025-380-865,Rath-Daniel,purdy.com,"Claims Taker",fuchsia,1975-07-16,hirthe.arch@hotmail.com,"=cS;c7GXAG1UQqyf""M"
0b22a35e-41cb-3114-b2b7-d95a16516e3b,Prof.,Reginald,Kirlin,"47 Herzog Summit",Naga,"Cavite City",Montana,"French Guiana",942-636-671,974-628-926,"Wolff LLC",konopelski.net,"Annealing Machine Operator",maroon,2001-02-25,lehner.brittany@gmail.com,Oe#x(;dK~P?'|4@/g+N
337bdbd7-11e7-3d29-81e7-931b08ec8646,Ms.,Gertrude,Koss,"87A/59 Rutherford Throughway Suite 145",Sipalay,Panabo,Texas,Belarus,919-835-883,220-685-423,"Berge LLC",kuhic.org,"Foundry Mold and Coremaker",black,1999-03-23,senger.irma@gmail.com,d&![zD
569bdc47-36f0-3124-85c5-a42a33410c06,Ms.,Odie,Mayer,"67A Lemke Prairie",Lipa,Dasmariñas,Washington,Tonga,050-783-410,920-938-308,"Schaefer, Ankunding and Hayes",boyle.com,"Directory Assistance Operator",fuchsia,1992-03-09,amiya.lowe@kuphal.info,ScW;QMJJ->=UZSOE
c678cf64-f31e-3cb6-9e4f-b08da79291e5,Mrs.,Tatyana,Gerhold,"41A Funk Run Apt. 276",Cadiz,"Masbate City",Alaska,Uzbekistan,760-072-051,422-304-970,"Kovacek, Roob and D'Amore",botsford.info,"Insulation Worker",blue,1970-05-29,metz.finn@dicki.com,7D=F+jZN0Y3DR
9186e560-78ec-3991-8ba5-ad8d275471c4,Dr.,Bernard,Fritsch,"85A Ernser Terrace","Trece Martires","Puerto Princesa",Arizona,"Heard Island and McDonald Islands",117-240-162,996-457-106,Weber-Waters,reinger.com,"Casting Machine Set-Up Operator",blue,1979-02-22,nicholas49@konopelski.com,"1@g,'-bBp?bV"
d714b805-5838-3f55-a858-db8ad418bd49,Prof.,Maurine,Beatty,"91 Kohler Keys Apt. 731","Sorsogon City",Maasin,California,Angola,142-419-753,690-538-584,Cole-Bosco,cronin.org,"Personal Trainer",white,2014-07-20,cummings.conner@tromp.com,`4snuIUWg<C(rDVz8(>
7c0b0a74-6dff-3812-9c09-e798e8bd0531,Ms.,Edmond,Jacobs,"04A/52 Harvey Ramp","Las Piñas",Bacolod,Illinois,"Burkina Faso",063-272-284,530-393-238,"Lockman, Kris and Champlin",kling.com,"Weapons Specialists",black,1970-11-16,hodkiewicz.brionna@yahoo.com,U3~g2HI!X
a0737b06-2c84-3be1-bc3b-3df7de6492eb,Mr.,Hertha,Feil,"89A/20 Jaskolski Village Suite 301",Bacolod,"Cotabato City",Michigan,Germany,432-807-809,326-076-652,"Marks Inc",schmeler.net,"Sales Person",white,2013-11-07,saul32@runolfsson.com,WUCjoVCz*;
7166d17f-e905-34df-b04c-3d12d74f3f39,Miss,Alec,Becker,"52A/48 Vandervort Square Suite 758","San Jose del Monte",Kabankalan,"New Hampshire",Romania,129-511-150,926-129-065,Dibbert-Bernier,reynolds.com,Accountant,yellow,1991-09-03,treutel.ivory@hoppe.org,"D{c@1R_kpe\Y%mj"
07942cc2-b165-30e7-afec-fe9678c361ae,Miss,Willis,Kovacek,"00A/64 Klein Forks Suite 538",Sagay,"Davao City","West Virginia",Guinea-Bissau,446-972-527,729-416-153,"Thiel PLC",turcotte.biz,"Special Education Teacher",blue,1977-06-25,gutkowski.melissa@pagac.net,Zc*$4W$?I#3CYSfZn{
02ae9b10-3204-315f-a473-c63ab69f7192,Dr.,Korbin,Monahan,"04A/41 White Forest",Tagum,Gapan,"North Carolina",Malta,551-823-481,038-550-177,"Bruen Inc",bins.com,"Human Resources Manager",olive,1994-09-29,schinner.jaycee@harber.com,"l`~53w,\RxK"
b07dc72d-3cd0-35a7-814c-1e89b28b1f80,Mrs.,Sasha,Adams,"10 Brown Orchard",Caloocan,"Trece Martires",Illinois,Cambodia,596-412-163,518-709-133,"Rosenbaum, Block and Schowalter",grady.biz,"Health Specialties Teacher",lime,1999-07-16,dbatz@bergnaum.net,"r9#^\rb<{'d+_]`J|3d{"
06ea0c41-0431-3ff8-8eca-e2c8e2ac2899,Prof.,Alejandra,Schaefer,"82A/65 Ernser Knoll Suite 542",Bais,Baguio,Oregon,"United States Minor Outlying Islands",981-610-287,368-477-013,"Sporer, Green and McCullough",doyle.info,"Personal Trainer",olive,1986-02-05,jaquan.stroman@ruecker.com,'1~JJ<(Xs%Tp
85e7c1ed-e883-3e00-8b93-23df8db5980d,Prof.,Hazle,Feil,"71/73 Rodriguez Views",Valenzuela,Sagay,Alabama,"Antigua and Barbuda",079-252-782,620-449-497,"Bahringer, Ledner and Medhurst",hermiston.info,"Director Of Business Development",blue,2000-09-09,trussel@fadel.biz,/tgoHS=
a232556f-7f73-38fb-ae99-5fc4443d489a,Dr.,Jason,Osinski,"25/71 Olson Ports Apt. 717",Bayugan,Mabalacat,Illinois,Tuvalu,640-660-862,734-057-264,Fahey-Ebert,mckenzie.biz,Rigger,silver,1980-02-02,howell.ali@hotmail.com,>v4RF:xkwA
3587f42b-ad94-3e37-b6c1-4b8195932029,Prof.,Margarett,Denesik,"57A/52 Kuvalis Mountains Apt. 316",Koronadal,Butuan,Mississippi,Gibraltar,407-869-335,397-508-922,Corwin-Daniel,oberbrunner.biz,"Postal Service Mail Sorter",fuchsia,1984-05-20,schneider.anjali@gmail.com,"gF|t-E4HEgV'"""
4753da28-c75d-3243-85d1-4d5394b2afec,Mrs.,Michelle,Daniel,"49A/48 Baumbach Inlet Apt. 500",Himamaylan,"Masbate City",Illinois,Belarus,080-135-826,783-025-847,"Ryan LLC",vonrueden.com,"Terrazzo Workes and Finisher",yellow,1998-08-17,mcglynn.murl@kovacek.com,#Y~i:Z<.`vJ
29db3146-fe28-3217-97ad-deefc48ffa0e,Mr.,Ellsworth,Labadie,"90A Durgan Brooks","Santa Rosa",Bais,Florida,"Bosnia and Herzegovina",888-098-816,992-628-454,"Brown Group",stracke.com,Therapist,olive,2006-05-23,fzboncak@gmail.com,"P:ECgSn\M:j]6?%eP"
603b7673-43bb-3014-86f4-92cf50ec2c35,Prof.,Chelsey,Kuphal,"83A/38 Greenfelder Drive",Bayugan,Malolos,Maryland,Serbia,837-189-968,115-291-826,Dietrich-Legros,will.com,"Radiologic Technologist",yellow,2010-05-26,mante.juvenal@gmail.com,<hY[:7FU5R!}hj
7265c371-7193-3e23-832d-443dfcc58a54,Dr.,Meghan,Jacobi,"81A Haag Parkway",Samal,Tacurong,Kentucky,Denmark,764-097-442,261-685-853,"Block, Kertzmann and Bogan",stark.com,"Home Appliance Repairer",blue,2006-05-07,americo68@quitzon.org,"J2y""[-C"
56278cd3-96fd-33a2-b533-150a47167164,Mr.,Kailyn,Roob,"02A/00 Hartmann Canyon",Calbayog,Tanjay,Colorado,"Norfolk Island",634-945-921,396-050-794,"Bernier, Collins and Homenick",eichmann.com,"Law Enforcement Teacher",silver,2021-08-24,wuckert.greta@metz.net,"y`]D_'XFTNWs|]:,E"
02469841-d64c-39dd-afd0-6c22b5c06131,Prof.,Emmy,Stracke,"61A Kovacek Ways",Mabalacat,Baybay,Arkansas,"United Arab Emirates",124-703-458,223-165-402,Murazik-Crooks,rohan.com,Plumber,navy,1975-12-16,constantin90@yahoo.com,fccA4bIWCW
f6a69ad8-a052-3ada-a974-1e413bae0d86,Prof.,Jessyca,Smitham,"47A/82 Champlin Mills","San Jose",Talisay,Texas,"Brunei Darussalam",694-410-542,353-761-323,Brakus-Nader,homenick.com,"Food Preparation and Serving Worker",maroon,2021-03-22,hackett.kylee@hotmail.com,gBi+nn*6?=`O'M
a2aec30d-d712-3a94-9b22-eb43064795c9,Dr.,Meda,Wehner,"01A Weissnat Key Suite 885",Bacolod,Talisay,"North Dakota","Antarctica (the territory South of 60 deg S)",185-969-940,775-875-839,"Lehner PLC",lockman.com,"Board Of Directors",olive,2016-12-21,carmela.reinger@hotmail.com,*AuvO%t
c6dcd06d-a87f-3b18-bce1-2184204594f9,Prof.,Amiya,Lind,"93A Heaney Shore Apt. 279",Baguio,Valencia,Vermont,"South Georgia and the South Sandwich Islands",362-393-315,121-966-312,"Grant Inc",lueilwitz.com,"Animal Care Workers",aqua,1980-02-07,elvera.reynolds@toy.org,a;K$L7XU}^-q=$b9W04}
d04b74a9-c9aa-31a0-af6e-fab185fc52f6,Mr.,Armand,Rodriguez,"48/38 Kilback Mission Apt. 350",Talisay,"Puerto Princesa",Wisconsin,Turkey,714-112-749,205-311-323,"O'Reilly LLC",hansen.biz,"Travel Agent",teal,2010-10-04,kassandra.koch@crist.com,1'Vx8V
0e0d265e-94a9-344e-92e8-76344b073e88,Dr.,Samir,Schultz,"75A/31 Wehner Ways Apt. 464",Borongan,Tabaco,"West Virginia",Estonia,643-880-971,992-452-915,Kozey-Von,okeefe.com,"Bicycle Repairer",teal,2015-10-30,marcus.runolfsdottir@gmail.com,"xb_,""Lp6XKct2F,DE>rX"
e363f87e-d88a-39a1-bf9b-73fe19e6151f,Prof.,Valerie,Marquardt,"24/46 Haley Estate",Calapan,"Cavite City",Maryland,Madagascar,933-137-739,158-116-392,Klocko-Hagenes,kuhn.net,"Pewter Caster",maroon,1983-03-23,xdonnelly@yahoo.com,"l$Z,<5&&FzNe2Dr"
2bfcb5f5-f4b7-3584-ba95-2977a92a32b1,Ms.,Stone,Bins,"21 Bernhard Street",Muntinlupa,"Surigao City",Nebraska,"Isle of Man",718-836-450,035-920-213,"Hegmann Group",abernathy.net,"Private Sector Executive",white,1999-06-05,cfeil@gmail.com,"hMJlC,A;8*EVk"
fec3b28a-c83a-3e1a-886f-42ea83911ce6,Mr.,Emiliano,Gutkowski,"44A/33 Krajcik Garden Apt. 565",Calbayog,"San Jose del Monte","New Jersey","Bouvet Island (Bouvetoya)",949-397-442,040-057-472,"Johnson and Sons",hagenes.net,"Door To Door Sales",teal,1983-10-13,harber.rhoda@hotmail.com,"^TU'K_Drc#,="
c20f0e13-065e-3259-aeb4-566fc1b7bb75,Dr.,Glen,Conn,"27A Abbott Wells Apt. 775",Imus,Meycauayan,"North Carolina",Dominica,827-914-642,033-476-429,"Glover Group",koepp.com,"Computer-Controlled Machine Tool Operator",fuchsia,1991-11-30,malika.nader@hotmail.com,":sD,nA(oDDJ"
301df067-66b9-3d6a-89af-70bd7974cccb,Mr.,Hank,Ankunding,"70 Nicolas Grove Suite 140",Tagaytay,Tabaco,Wisconsin,Canada,494-713-453,009-234-456,O'Connell-Jakubowski,koepp.net,"Soil Scientist OR Plant Scientist",aqua,1999-03-16,cloyd28@bernier.com,Y>qr+<:*PZr%X-/--iC
ee43e850-edba-32a7-85e7-1d8a37097119,Mr.,Efrain,Haley,"62A Breitenberg Ridge",Canlaon,Lipa,Ohio,Ukraine,280-372-821,055-451-744,"Orn PLC",considine.com,"Agricultural Science Technician",white,1980-12-30,luther74@west.com,pt(*iQ.cDyf=m$?|?
3fc39afc-a2bc-3cb5-944e-8bded67b3849,Prof.,Rasheed,Balistreri,"93 Powlowski Terrace","San Pedro",Tanjay,Arkansas,Israel,127-279-055,818-968-758,"Schulist and Sons",bashirian.biz,"Business Manager",gray,2023-09-29,kira46@welch.com,"*uxJ""nN|GNiFT1)n:"
6b35410e-d681-3373-8ae3-832a6d07529a,Mr.,Alyce,Mraz,"42/82 Cruickshank Streets Suite 323",Cauayan,Cadiz,Alabama,Cuba,369-354-565,566-015-142,Wiza-Maggio,senger.com,"Securities Sales Agent",gray,2014-12-21,deckow.lacey@gmail.com,"6\Cy4;}>X7"
8aac9942-7ee0-3119-8c4c-e727b810d281,Dr.,Luigi,Fahey,"24 Jerde Greens","San Fernando",Tabuk,Minnesota,Mozambique,481-820-133,759-613-806,"Borer, Miller and Runte",bergnaum.com,"Talent Acquisition Manager",maroon,2009-08-29,lucas84@gmail.com,"z4qmqA,sk~:3:M"
99ae2d47-de15-3ac0-bc28-def0f75c16a1,Ms.,Estell,Hilpert,"01A/96 Crist Turnpike","Cagayan de Oro",Vigan,Ohio,Guam,231-277-991,494-654-407,"Schuster, Kulas and Schumm",watsica.com,"Library Assistant",teal,1998-10-02,orlo.brown@gmail.com,Xy?uJT0$PS|'h-
653af0d0-5433-3cdb-9ece-44427abe1d96,Dr.,Immanuel,Kunde,"26A Harvey Lights Apt. 715","Iloilo City","Davao City",Nevada,Cambodia,235-316-806,833-364-326,"Howe, Runte and Bergnaum",crooks.com,"Public Health Social Worker",silver,1997-06-19,mlangworth@gerlach.com,hZ|3=^|@
13bf9a43-6110-3cf5-9603-ea671a5353bd,Prof.,Roma,Ledner,"59 Schaefer Alley",Bago,Tanauan,Arizona,"Russian Federation",875-930-894,104-627-884,"Prohaska, Pfeffer and Reichert",white.info,"Automotive Glass Installers",yellow,2023-05-12,kerluke.alfreda@gmail.com,"5D\9}=gMVkuhgR17"
b06183a4-1e94-30ff-9697-a22cd83f19a6,Dr.,Elsa,McLaughlin,"23 Weimann Flats",Olongapo,Tangub,Kansas,"British Virgin Islands",254-145-206,300-594-820,"Wuckert, Metz and Zulauf",halvorson.org,"Postal Service Clerk",aqua,1998-10-08,vilma.koelpin@schiller.com,"t(N6AM\Eoy9]\"
c852593b-e535-322d-bddc-2fa82a29e635,Prof.,Graham,Quigley,"06A/46 Rau Freeway Suite 988","San Juan",Baguio,Kentucky,Djibouti,649-729-701,455-301-770,Reichel-Johns,hoppe.net,Chemist,blue,1995-06-15,mccullough.jordan@wiza.com,&qFz|gCi|9tx@_x
ce050b3c-de2a-3298-b5e2-d248946ab9f4,Mrs.,Frankie,Rau,"50 Wolf Port",Oroquieta,"Cebu City",Arkansas,Niger,968-841-733,895-722-943,Deckow-Torphy,mueller.org,Gauger,lime,1986-07-31,mossie.swift@runte.info,4v)=xT644;<!vs
a937a5b1-a5ef-32cf-889f-f55151c0378f,Mr.,Cletus,Bayer,"09A Collier Mission",Malaybalay,Digos,Pennsylvania,Qatar,681-438-240,853-072-260,"Gerhold LLC",fahey.net,"Refractory Materials Repairer",aqua,1972-10-26,savanna79@gmail.com,i=w/CQxTR
57280495-9e85-3a57-ae96-d594a51f5086,Mr.,Cordelia,Kilback,"81A Lindgren Viaduct",Lucena,Samal,"Rhode Island",Singapore,897-877-070,152-603-499,"Bayer, Dicki and Schneider",effertz.org,"Packaging Machine Operator",teal,2003-01-21,goreilly@gmail.com,(&-~^P^.&LfeHOPMs
26f63c95-7359-33d0-a76e-eb471f6adf9a,Mr.,Maximillian,Considine,"53 O'Reilly Stream Apt. 818",Candon,Vigan,"West Virginia",Andorra,051-478-259,664-861-874,Rice-Predovic,runolfsdottir.info,"Logging Tractor Operator",teal,1992-09-19,christiansen.keith@wilderman.com,~RyIRUlBp1@-/H[ZUV4
1dcbd6c6-6420-3d19-936c-11425c98fefe,Prof.,Monica,Braun,"96/84 Bernhard Locks Apt. 869",Guihulngan,"Cagayan de Oro","District of Columbia","Trinidad and Tobago",860-365-884,218-179-204,"Romaguera, Purdy and Willms",kessler.biz,"Online Marketing Analyst",olive,1993-03-03,vblock@mcdermott.com,bTZ[=m*D'mc7']
2a5cac8f-fe74-3fcc-8e40-e4c2aa36f83a,Dr.,Hiram,Barrows,"73A Bahringer Wells","San Jose del Monte",Valencia,Maine,Turkey,828-668-340,947-393-202,"Ledner Ltd",cassin.com,"Landscape Artist",purple,2010-12-03,isaac.schuster@yahoo.com,GBP]hxPRV
8bd5ffdd-55c3-3ecc-8550-a4d6c1773b68,Prof.,Axel,Kemmer,"43A McLaughlin Brooks Apt. 924","Quezon City",Victorias,Wisconsin,Cuba,911-326-470,691-237-986,"Brakus LLC",emmerich.com,"Rolling Machine Setter",white,1988-05-28,schuster.palma@yahoo.com,"e+,\]jlhXp^G3&`xz"
d2ee4e3a-a653-3005-80f9-9a5d8767ecf7,Prof.,Addison,Keeling,"52 Huel Forest",Tandag,Victorias,Alabama,Kazakhstan,765-762-320,729-962-816,"Wehner Ltd",pouros.net,"Motorboat Mechanic",green,1984-01-08,ukerluke@bradtke.com,"H?J_),4n3"
b6dadf19-bdaf-3786-ab7a-d75d2b6afd0f,Mrs.,Lue,Hegmann,"96A Graham Shores",Tagaytay,Borongan,Georgia,Macedonia,936-832-864,655-076-460,"Stoltenberg, Barrows and Rowe",barton.com,"Rental Clerk",white,1991-10-08,angelica.smith@cruickshank.com,hbc)/}X{
f1e9118e-4f99-314d-9538-4516f8d88165,Dr.,Rowland,Simonis,"85A/28 Vandervort Port","San Pablo",Tagaytay,Illinois,Burundi,751-300-568,861-370-600,Waters-Gislason,schiller.net,"Advertising Sales Agent",aqua,1972-04-21,nader.joanie@heller.com,soA~V4[g|9%=
819adfaa-e3c8-3e71-aaa0-3dcc9fa69801,Mr.,Felix,Robel,"83 Kris Street Apt. 153","Cagayan de Oro","San Pedro",Oklahoma,Germany,987-416-050,219-818-604,Jacobs-Trantow,rolfson.com,Buyer,lime,1971-11-19,mccullough.doyle@stracke.com,",&i1sLzuN9xOn.]"
82bcf68a-330b-3ec6-956b-050ce5b5869e,Prof.,Barney,Kiehn,"12A/28 Moore Creek",Makati,Dapitan,Tennessee,Japan,958-940-751,748-814-630,"Kreiger, Kihn and Schumm",okeefe.com,Courier,blue,2007-02-13,nina.yost@gmail.com,cBu!=-(vBY)!QvGuz[aF
0ad95962-ebd2-322d-8add-cbb5117e3796,Prof.,Abigail,Murphy,"34/58 Lynch Trail","San Carlos",Pasig,Oklahoma,Reunion,929-326-818,818-136-826,"Dibbert Ltd",streich.com,"Claims Taker",white,1991-06-23,ursula.gutmann@yahoo.com,PN5Na&=2>e{?k5gE-P~=
ba1eb75b-bc24-30a6-b4d4-c1eb9cea2599,Prof.,Larry,Anderson,"36A/67 Spencer Lakes",Bislig,Pagadian,Montana,Cambodia,691-401-094,930-413-512,"Hegmann, Abbott and Miller",kirlin.com,Upholsterer,blue,1996-09-13,jonathan68@auer.org,"c)r8>~\%("
d9375bf2-3b3f-3756-a667-58008ec92387,Mr.,Ruben,Bayer,"37 Jenkins Points",Butuan,Cabadbaran,Alaska,Albania,042-809-612,768-006-361,Hammes-Keeling,feest.com,"Bartender Helper",aqua,1991-07-01,erowe@yahoo.com,"Pa%`dN6,bOE4kZrvg4"
221e24bf-a9b0-3b77-af8d-f46647ea5484,Ms.,Virginie,Kemmer,"91 Becker Alley",Tabaco,Calbayog,Tennessee,Lesotho,841-451-381,722-472-242,"Pouros, Feest and Hand",willms.net,"Medical Transcriptionist",black,1977-11-23,travon01@yahoo.com,~rmV%~B|
b2e43bc4-49af-3218-8c27-0b66c218fc97,Prof.,Samir,Boehm,"32A/53 Leffler Ridge Apt. 664",Caloocan,Alaminos,Utah,Andorra,327-269-358,677-607-490,Murphy-Gutmann,fritsch.com,"Agricultural Technician",teal,1979-05-12,walter.kailee@gmail.com,`uO2}~O7;TAI=B9Dc~b$
064640ee-d669-3f27-adee-1a76bd5beda5,Dr.,Eloy,Leuschke,"94A/21 Lueilwitz Landing",Kabankalan,Naga,Arizona,Gibraltar,521-530-437,828-896-379,Jerde-Cremin,bruen.net,Millwright,maroon,1992-03-22,sebastian64@yahoo.com,",saq-h`n6n36_;<3z@$u"
19463daf-91ce-3442-b3fc-e3983ae58f20,Mrs.,General,Jones,"87A/52 Kunde Rapid",Tandag,Calbayog,Minnesota,Austria,666-512-795,325-541-321,"Mayer, Marquardt and Grimes",gutkowski.biz,"Automotive Body Repairer",black,1996-04-14,tamia86@dickinson.info,"mR""<@bH"
8182d301-a98a-3587-94b4-e77db53d029b,Dr.,Elinore,Grimes,"95 Champlin River","San Pedro","General Santos",Maryland,Belgium,211-082-488,037-581-862,McGlynn-Daugherty,sipes.com,"Industrial-Organizational Psychologist",teal,2019-01-29,deven59@stroman.com,BH[nKNm=)>.oj@V.{6
b66b708d-3a5b-3bc2-bed4-f1b40f6ed3e9,Dr.,Manley,Kuhlman,"29/58 Zulauf Fords Apt. 179",Mabalacat,Mandaluyong,Virginia,Uganda,399-327-198,405-663-524,"O'Kon, Ratke and Mante",price.com,"Bulldozer Operator",navy,2015-03-27,royce.rogahn@murray.net,"=l""6I.F|l_e_RPI"
bfe8644e-2da2-381f-ba7c-6f103582a314,Prof.,Alisa,D'Amore,"94/23 Dach Springs",Talisay,"San Jose del Monte","West Virginia","Norfolk Island",112-204-479,346-638-560,"Sanford, Bode and Satterfield",okeefe.net,"Camera Repairer",teal,2007-12-26,crystel.hackett@yahoo.com,"mA-YQa/2Lj""SP"
34c44977-c4fb-3226-a426-9bf4c8f4bdf9,Ms.,Diego,Koepp,"02A/66 Breitenberg Loaf",Bacoor,"Trece Martires",Vermont,Guernsey,363-001-919,185-129-408,"Frami, Goldner and Bernhard",howell.com,"Heating Equipment Operator",navy,1980-01-17,everett65@yahoo.com,!N8f)Lu!kdZZ&D)5>
f7c492c0-71fa-30f2-9b34-d7ef5b784fff,Mr.,Adolphus,Zulauf,"17/97 Willms Squares Apt. 452",Antipolo,Sipalay,Minnesota,Croatia,518-571-750,532-426-792,"Harber and Sons",gulgowski.com,"Radiation Therapist",blue,2011-10-18,alayna90@gmail.com,=E<r;bO|T-0L=:lHM'hP
e0db77e9-7c9d-37f5-a60e-fd050d2b8d5e,Dr.,Bernadine,Stamm,"17A Schoen Heights Suite 276",Tacurong,Manila,"New Mexico",Mauritius,131-939-619,725-132-261,Nienow-Blick,abernathy.org,"Paving Equipment Operator",yellow,2012-02-21,eldora.oberbrunner@rempel.info,07+b!q)^k
c62e6ae9-b45f-3a37-a104-864e445d28ac,Dr.,Thurman,McLaughlin,"91/35 Jacobson Rapids","Sorsogon City",Oroquieta,Michigan,Tanzania,426-286-824,331-800-965,"Stamm LLC",hilpert.net,"Vice President Of Marketing",navy,1991-02-02,hettinger.maryam@becker.com,"3]c\7#Y]q"
2723047e-66f2-3325-b454-0bcbbd8041a5,Prof.,Leif,Larson,"71 Kuvalis Mountains Suite 635","Santa Rosa",Butuan,Arizona,Mongolia,897-402-400,047-547-109,"Smitham and Sons",batz.com,Landscaper,purple,1972-06-29,johnson.kaylee@gmail.com,&!OXqrcPO]Dc&
105d21c8-27d5-392f-81bc-dd3a5f66f545,Dr.,Genoveva,Hirthe,"39A Dickens Harbor",Maasin,"San Pablo",Nevada,"United Kingdom",355-160-911,215-763-557,"Christiansen, Douglas and Effertz",roob.biz,"Marine Architect",black,2007-03-19,padberg.willard@ohara.com,"iFuHD{(,"
f46faebd-eda9-3588-ac19-4c3883d44c40,Mr.,Vesta,Block,"20A Hessel Springs",Mandaluyong,Sipalay,Indiana,"Puerto Rico",757-030-750,140-699-216,"Blick, Mayer and Kunze",larson.biz,"Industrial Machinery Mechanic",black,1978-10-17,runolfsdottir.benny@yahoo.com,^VYWkKn
0e8ad3fa-903d-344e-8337-b074bd465dc0,Dr.,Sedrick,Jacobs,"93/19 Watsica Bridge",Makati,Dasmariñas,Louisiana,Grenada,584-202-606,711-627-929,"Ward, Maggio and Mayert",schmidt.com,"Architecture Teacher",black,1983-10-03,nrice@wuckert.com,"hIi;ioX8n)\hyd~!P3\"
05620fc6-e64a-3815-918b-1a856bfb91a8,Dr.,Reyes,Abernathy,"75A Wuckert Common","San Fernando",Dumaguete,"District of Columbia","Cote d'Ivoire",787-491-412,303-511-922,"Feeney, Schamberger and Stroman",vonrueden.com,"Personal Financial Advisor",olive,2012-01-02,carlee19@hotmail.com,"B""#H[cy}<g/{,':IHb"
0bf9e0b7-8526-35e8-854d-4a1a9fea03a9,Ms.,Thelma,Corwin,"78A/82 Rohan Crossroad Apt. 811",Malaybalay,Catbalogan,Michigan,Malawi,675-003-458,845-072-628,"Jaskolski and Sons",bernhard.com,"Fitness Trainer",navy,1997-12-13,ocummerata@gutkowski.com,*./?jtXP
2caf027a-5a73-34de-a699-2e4120ca4a81,Mrs.,Retha,Schroeder,"64 Johnston Mount",Calbayog,"San Carlos","South Carolina",Tonga,011-121-785,496-461-089,"Osinski and Sons",lebsack.com,"Electrical Sales Representative",teal,2015-01-11,elfrieda.wisozk@larson.biz,"WtkE^\+cbX_\"
4f1cbd62-9cfa-3b03-acaa-5e1deedc879e,Miss,Alayna,Frami,"70A/50 Beer Pike","Tarlac City",Dumaguete,Virginia,Niue,336-327-827,994-142-508,Larson-Schumm,hill.com,"Aircraft Launch Specialist",teal,1973-11-18,ualtenwerth@mohr.net,#+d(/+6XM
ffa27b66-78d6-37ab-b755-cd0f6334038f,Mrs.,Evan,Watsica,"99 Robel Creek",Mandaluyong,Baguio,"West Virginia",Somalia,440-154-926,965-931-531,"Wiza, Emard and Hand",schneider.com,"Music Director",maroon,2010-05-15,kling.lenore@murphy.com,8Fuu2c!b8&
a9a64177-9c7c-37e2-b660-552f919dbcb4,Ms.,Omer,Farrell,"64/97 Wolff Orchard",Tagaytay,Tabuk,Minnesota,"El Salvador",756-232-591,585-309-800,"Heaney Group",hagenes.org,"Precision Mold and Pattern Caster",black,2000-07-22,miller.leonardo@hotmail.com,k:*o>al0Sm^f/lnY(Sw
33f6a6bd-8950-3756-8389-2a627693351a,Dr.,Anjali,Koelpin,"43A Bartell Via Apt. 781",Bayugan,Makati,Washington,Tajikistan,987-074-403,892-412-978,"Friesen, Aufderhar and Ondricka",kessler.com,"Bindery Machine Operator",teal,1971-08-20,ymraz@gmail.com,v>-C6JK:rC@$f)fZ^(
f7f0a898-d6f0-3440-814b-27b35fc960a2,Dr.,Dawson,Mayer,"99A/44 Mante Inlet Suite 040",Pagadian,"Masbate City",Alaska,"Holy See (Vatican City State)",958-746-531,422-272-191,"Frami, Sporer and Beier",rath.net,"Probation Officers and Correctional Treatment Specialist",white,2013-02-15,warren65@spencer.com,x5kNfs&kg
77e5be24-82de-368c-bb55-37161766af25,Prof.,Candido,Waelchi,"75A Kshlerin Wall Suite 039",Malolos,Isabela,Oklahoma,Cyprus,081-950-306,442-106-968,"Hoeger Group",kilback.com,Usher,purple,1988-08-25,carmel31@yahoo.com,4unsMHElxyw*)zP<_)
26515b85-0c35-301c-87d2-43ebe8063136,Prof.,Hildegard,Toy,"92A Kassulke View Suite 732",Alaminos,Cabadbaran,"West Virginia","Pitcairn Islands",430-290-629,189-923-511,"Conroy, Emmerich and Wiza",watsica.com,Silversmith,teal,2004-11-18,christophe.gutmann@donnelly.com,'ELbZnIQ
0aaabcad-c3a9-3dbe-9630-eb0106636d49,Miss,Nigel,Prohaska,"63A/42 Larkin Union",Borongan,Legazpi,"North Carolina","Cote d'Ivoire",937-748-339,474-197-047,Murray-Franecki,tremblay.com,"Retail Salesperson",lime,2000-02-21,jody.stiedemann@balistreri.com,-AI.N[L[wCgb{qsuC!
d2203ad0-c429-340a-83e4-545ee52fea60,Dr.,Wilber,Herman,"21A Vandervort Hills","Davao City","Surigao City",Connecticut,Malawi,606-666-884,068-133-120,Lang-Graham,hauck.com,"Electrical Engineering Technician",purple,2021-10-16,conroy.verona@gmail.com,=dl|CV+=
9ed06794-784e-3e4f-9ed2-49280d51721b,Mr.,Robbie,Yundt,"46 Muller Lane",Candon,Pasig,Nevada,Comoros,917-072-104,325-266-028,Lind-Kris,zieme.com,"Product Specialist",lime,2015-02-27,kolby.blick@hotmail.com,b4%o2HY
a039e89a-a446-3425-b5b9-289b1d79f335,Prof.,Otto,Erdman,"59/26 Schulist Drives Suite 245",Baguio,Calamba,Utah,Mauritania,210-296-660,973-200-102,"Jaskolski Ltd",carroll.info,"Mapping Technician",teal,1970-09-20,rhessel@hotmail.com,":cbKA\O@ZAWug-TV%"
62c4a064-3c06-3346-8187-2e5c0181a33a,Mrs.,Joey,Casper,"54 Kuvalis Ridge",Laoag,Pagadian,Kansas,Nauru,387-508-428,904-215-325,"Kris, Jast and Morar",abbott.org,"Aircraft Engine Specialist",yellow,1977-12-04,vallie.kuphal@hodkiewicz.com,"Cf8%>)I2c&O=v~[0,"")/"
9b1ab885-b16f-37b8-b1d8-f9066d7ff937,Ms.,Elena,Lehner,"22 Klocko Plain Apt. 338",Alaminos,Catbalogan,"South Dakota","Trinidad and Tobago",551-886-810,036-989-869,"Heaney LLC",kuphal.com,"Photographic Reproduction Technician",aqua,1984-01-12,joshuah.durgan@murray.com,lXjyi%Xi+RND1+Pj~
a45afefa-4a14-33ee-b09f-c5fd1fc825e8,Mr.,Adriana,Douglas,"42A Bahringer Hills Apt. 875",Urdaneta,"Cebu City",Oklahoma,Croatia,896-944-331,769-668-465,Littel-Ullrich,grant.info,Waiter,navy,1971-08-09,jkuhn@pollich.info,"J!I,4u:{nd<"
ad973649-0635-3344-b8db-53df3cc3f14f,Mr.,Alford,Leannon,"80 Turner Spur Apt. 846",Lipa,Butuan,Illinois,Monaco,089-056-118,879-185-160,"Boyle, Morar and Rempel",zemlak.com,"Cutting Machine Operator",teal,1996-03-17,damon.jaskolski@gmail.com,t>?;fOhT!
b7bbaede-e6f5-3623-aa16-488b4bd3db23,Prof.,Aiyana,Effertz,"25A Towne Junctions Apt. 399",Mandaluyong,Carcar,Washington,Jersey,258-632-149,326-798-607,"Blick PLC",abshire.com,"Metal Worker",lime,1992-06-25,dakota19@hotmail.com,_6KR-5}4sSM
a846c6b1-1f62-366e-a8fd-59324390e806,Miss,Lavon,Howell,"29/65 Stiedemann Meadow","San Jose",Oroquieta,Montana,Haiti,263-566-296,172-464-571,"Ryan Inc",koss.info,Prosthodontist,gray,1983-01-28,maxine49@gmail.com,"\&&&'lTORIQZ=a/("
49f0b7a7-a4e1-36e0-8c82-37e1f0dbb13e,Ms.,Jane,Brakus,"95/76 Ferry Forest",Sipalay,Lipa,Nebraska,Turkey,937-816-024,004-022-844,"Gaylord PLC",ziemann.com,"Visual Designer",black,1974-10-08,betty.gorczany@emard.com,4%yA6CpR
07ea4330-120d-3ba5-9303-3cac5fdf37e8,Miss,Celestino,Sporer,"89A Rath Trail Suite 336",Mandaluyong,Mabalacat,Ohio,"Saint Lucia",084-835-746,226-175-485,"Hagenes, Herzog and Champlin",little.com,"Pipe Fitter",green,1973-03-23,jeramie.parker@gmail.com,M0$/7p]C#&'3oZg]w
74645546-1ebc-3120-812f-01c09dfdf128,Mrs.,Torrance,Kautzer,"12A Emard Greens Apt. 444",Bogo,"San Fernando",Alaska,Cuba,639-700-791,198-106-817,"Keebler and Sons",schuster.biz,"Bridge Tender OR Lock Tender",olive,2004-06-24,howell.schumm@rau.org,<c:p#zY
20f4f2d1-2ccb-3921-ba71-fe9c47629c5c,Dr.,Marques,Breitenberg,"91A/50 Weber Summit",Angeles,Catbalogan,Arkansas,"Lao People's Democratic Republic",152-973-332,163-823-547,Hyatt-Will,schmeler.com,Engineer,maroon,1993-12-14,archibald20@kuhlman.com,")jJ#,FkHh$NHJq"
45565d70-bba9-316a-a7dd-8c33e505a87c,Prof.,Johnathon,Johnston,"58A Kutch Pine Apt. 740","Cavite City",Malabon,Michigan,Samoa,706-507-710,510-544-211,"Denesik, Tromp and Kling",kuhn.com,"Order Filler OR Stock Clerk",white,2005-03-03,selena80@ward.com,mF4)'H1'`FW1uv>7?Pr
575db13f-387c-3add-88d6-ee205b65f943,Prof.,Jevon,Williamson,"76 Gutmann Lakes",Mati,Tabuk,"District of Columbia",Malawi,360-511-888,388-625-081,"Johns Inc",cassin.com,"Mining Machine Operator",blue,2019-05-26,don.kutch@yahoo.com,LKo7JqBb:J
bc89a3c9-a879-3cc7-975b-09279ed3f5e1,Miss,Susana,Bradtke,"38A Homenick Course Apt. 447",Tacloban,Kidapawan,Alabama,Sweden,621-065-106,456-049-169,"West Ltd",satterfield.com,"Purchasing Agent",white,1983-07-08,hamill.wilfred@wunsch.com,uM|q]>99-`0*qhs
2cc20eb3-c4b1-3c5c-b29b-5670600ed93f,Mrs.,Elias,Corkery,"90A Lesch Junction Suite 318",Malabon,Escalante,Wyoming,"San Marino",990-209-447,410-583-201,"Boehm, Veum and Torp",hand.net,"Woodworking Machine Setter",lime,2012-11-07,ahmad04@yahoo.com,"C,eN*4D?.k5"
bb1fb640-3b23-3224-bda2-90126f9bcee7,Mr.,Walton,Wintheiser,"89A/19 Turcotte Forks Apt. 763",Antipolo,Malabon,Oklahoma,Tanzania,922-223-881,960-951-981,Kuhlman-Tillman,abernathy.com,Farmworker,purple,1979-07-05,bertrand47@hintz.org,c*j;!Y-=
2bdf3e49-cbd8-3c51-97cf-42c739d51cb1,Prof.,Delilah,Blanda,"34A/27 Pfeffer Stravenue",Candon,Ligao,Nevada,"Trinidad and Tobago",103-445-917,117-848-218,"Pfeffer, Brakus and Pfannerstill",auer.biz,"Outdoor Power Equipment Mechanic",purple,1986-10-05,ebony44@abshire.com,0l>X-Du:iR)c#n
a0846c98-9416-333e-adf9-ad7f3ea1101b,Mr.,Freida,Bechtelar,"29A/04 Pouros Mill Suite 921","Cotabato City",Tabuk,Montana,Reunion,354-041-730,429-141-346,Hoppe-O'Keefe,maggio.com,Chef,fuchsia,1972-12-17,qroob@hotmail.com,":zT_39Wj;B}\q"
58a8a032-9929-3cac-be87-24e333a4091f,Miss,Alexandria,Kuhic,"52A Haley Hill",Catbalogan,Pasay,"District of Columbia","United Arab Emirates",443-588-245,330-425-823,"Quigley, Turner and Weissnat",kiehn.net,"Freight Inspector",maroon,2005-09-13,ymoen@yahoo.com,}nP?WAFN}(ZZ%'0B
e29116fc-4e81-3ebf-8130-f96cc709f1f6,Dr.,Claudie,Stoltenberg,"19/22 Lindgren Locks",Marikina,Panabo,Illinois,Latvia,453-548-571,314-263-543,Rau-Willms,jacobson.com,Cook,gray,2023-04-30,maddison86@hotmail.com,h[Lk~SJw
ecb38349-9026-3a15-baeb-51fc054e7889,Dr.,Jay,Collier,"13 Turner Terrace Suite 372",Tayabas,"Zamboanga City","South Carolina",Angola,870-492-806,618-055-191,"Stracke LLC",wisozk.biz,Painter,maroon,1981-05-21,donnie.nolan@gmail.com,]+-tgDiPl0RycR
17e6cd7a-9929-3715-a421-aa2bb6be0d39,Dr.,Nils,Funk,"25A/81 Kassulke Inlet Apt. 639",Bacolod,Lucena,Missouri,"Burkina Faso",219-395-979,731-020-105,"Durgan, Cormier and Gottlieb",lindgren.com,"Stationary Engineer OR Boiler Operator",white,2016-09-13,xbernhard@keebler.org,"ps""qhjddfxJ.e(;=Zl"
06652741-7216-377a-a5fd-381dcc0c29ff,Ms.,Nona,Prosacco,"10A Walsh Hills",Bogo,Malaybalay,"South Carolina",Jordan,157-742-176,210-756-349,"Greenfelder Inc",schneider.net,"Protective Service Worker",purple,1983-11-07,cynthia29@gmail.com,"hC[U$.\<?6RSqe%m="
45fd34ff-9a9b-356e-b31e-62bc4c8718c1,Mrs.,Agustin,Quigley,"54A Hoppe Expressway",Alaminos,"Batangas City","New Jersey",Angola,480-973-988,286-803-434,"Goldner and Sons",reinger.biz,"Pipe Fitter",lime,1982-07-14,jacey84@terry.biz,F<gXQr
b87af779-8357-3633-80ce-280603a2633d,Miss,Hannah,Pollich,"16A/61 Grady Highway",Valencia,Passi,Indiana,Peru,734-926-524,467-674-000,Goodwin-Bode,jenkins.com,"Medical Secretary",aqua,2001-08-27,marlen77@hotmail.com,W#d3e]Dqx33/kyw
c31f9fd1-1d58-387a-93fa-9d6cb8939c27,Mr.,Ulises,Gislason,"25/90 Homenick Union","Las Piñas",Oroquieta,Florida,"New Zealand",299-789-328,342-653-965,Wyman-Brown,goodwin.net,"Job Printer",lime,2009-01-06,iflatley@satterfield.net,d#U<lu#
4e3d146f-c215-3f47-a71c-e58afc9285f1,Dr.,Reese,Treutel,"46 Treutel Lock",Santiago,"Masbate City","South Carolina",Latvia,651-772-619,411-772-789,"Stiedemann, Blanda and Rippin",luettgen.com,"Air Traffic Controller",fuchsia,1977-07-31,gusikowski.princess@gmail.com,3`]Z%#;?_9'D'>TZ
2489c619-4104-316e-94fa-662d10033476,Mr.,Louie,Considine,"93 Watsica Harbors",Calapan,Tacloban,Vermont,Eritrea,028-930-873,042-160-414,"Waelchi PLC",will.com,Choreographer,black,1994-05-01,fboehm@boyle.com,BoOqgWX{`&}O2O
10d358d4-166b-3d2f-a4df-054490a438e8,Dr.,Vaughn,Mosciski,"21/23 Brown Springs",Tanjay,Bais,Massachusetts,Greenland,315-950-891,704-160-924,"Halvorson Inc",steuber.com,"Motorboat Mechanic",green,2001-09-17,kerluke.willard@hotmail.com,",h$6}A'"
a33c011c-47e3-3be2-a389-e333bc6f507d,Mr.,Beverly,Muller,"91/21 Hauck Glen",Muñoz,Tagaytay,Louisiana,Greenland,294-922-734,540-258-432,Crist-Aufderhar,kihn.com,"Tool Set-Up Operator",gray,1973-06-16,grady08@sanford.com,"|.S!Q\M=5I7A"
d59d6c88-cde2-3882-ae32-d5b0dce52e53,Prof.,Abigale,Abshire,"19/85 Lesch Manors",Roxas,Navotas,Idaho,Bangladesh,212-993-963,865-638-519,"Rowe Ltd",mosciski.com,"Prepress Technician",white,2005-04-03,wyatt30@armstrong.com,"QFEp6b:_&2\-q]RRmK7k"
82b5683b-2f4c-39e8-927b-664b6e758e05,Mrs.,Mazie,Mertz,"23A/95 Cummerata Highway Apt. 176",Ligao,Kidapawan,Utah,Algeria,561-008-410,237-553-396,Moore-Thompson,kunze.net,"Instrument Sales Representative",purple,2001-10-03,spinka.jevon@gmail.com,"=r@rkP\)Tb5Dr"
110fd6c5-bb5a-32ee-9d96-9b698cc33934,Mr.,Tillman,Schroeder,"68/89 Becker River Suite 174",Passi,Carcar,Hawaii,Turkey,248-006-156,650-578-346,"Purdy and Sons",schmeler.net,"Photographic Process Worker",blue,1980-08-09,mklein@mckenzie.info,K8<WU@m
40a397b8-edf8-3500-8b3f-67d9c92465bf,Miss,Estelle,Collins,"03A Weber Fork",Calamba,Butuan,"North Dakota","Saint Kitts and Nevis",327-598-591,983-281-279,"Jakubowski Inc",herzog.com,"Freight and Material Mover",lime,1970-11-08,berneice64@yahoo.com,H*N|#*u@c({4W;]-g@
2cdbd9b5-5440-309f-bb61-7b91bb4b8743,Dr.,Misty,Dooley,"13/27 Zieme Junctions Apt. 789",Gingoog,Cauayan,Texas,"Brunei Darussalam",239-621-367,466-941-301,"Kilback, Dibbert and Jast",yost.biz,"Sales and Related Workers",navy,1976-04-11,ole.kiehn@larkin.com,k-p=*Ax$E2jh$
f0e6c159-c950-3a9e-87d3-0b1e8508876a,Prof.,Margot,Gorczany,"24A Wilderman Corner Suite 132",Laoag,Calamba,"New Jersey","Heard Island and McDonald Islands",707-652-333,685-097-649,"Roberts, Grimes and McLaughlin",murray.info,"Airline Pilot OR Copilot OR Flight Engineer",maroon,1987-10-04,bschneider@gmail.com,")""#NkS0z""/`)"
b9f94a37-569f-38fa-b39c-1efbaea81d4c,Prof.,Reyna,Gottlieb,"62 Hodkiewicz Passage",Butuan,Bacolod,"West Virginia",Canada,316-821-222,783-517-146,"Hilpert, Gerhold and Boyle",mitchell.biz,Barber,fuchsia,2013-09-07,qweissnat@gmail.com,@_i2j[
8987ff31-479b-3dbc-afa9-7f119fa09826,Prof.,Onie,Anderson,"50 Huel Pass","Batangas City",Pagadian,Pennsylvania,"Norfolk Island",588-310-246,872-145-069,"Strosin Group",adams.com,"Self-Enrichment Education Teacher",fuchsia,1985-03-04,bartoletti.luigi@stokes.com,"]bIb%C4Lo2g""2$eN!1"
1fd4b4ac-f0af-363b-8584-fba0faaed38f,Ms.,Emilie,O'Conner,"88/26 Hammes Crossroad",Carcar,Panabo,"New York","American Samoa",665-145-118,359-078-990,"Jakubowski Group",mann.com,"Woodworking Machine Setter",olive,2023-02-09,vincenza41@zulauf.com,i9(H(#D?t#/|
4950cad7-2f7f-3e0e-b71d-f410c30d7ebb,Mr.,Alessia,Brown,"91A Eichmann View Suite 659",Malolos,Valenzuela,Georgia,Barbados,987-926-339,325-905-756,"Carroll, Heaney and Wehner",goodwin.com,"Statistical Assistant",maroon,1999-08-10,archibald46@gmail.com,>0:vo:
cb5d4741-4ac8-3633-b4ba-9902b753de12,Mr.,Lauriane,Corkery,"60/42 Armstrong Wall Suite 347","San Carlos",Dumaguete,"South Dakota",Tuvalu,704-069-251,771-077-349,"Tillman Ltd",mckenzie.com,"Gas Appliance Repairer",teal,1980-02-11,aimee.tremblay@gmail.com,t:}{JjE~m
49a7ece3-0555-3025-853e-6457539a4520,Dr.,Violet,Eichmann,"16 Keebler Plain",Biñan,Navotas,"North Carolina",Myanmar,778-162-696,082-842-231,"Gutmann and Sons",tillman.info,"Nursing Instructor",white,2001-06-29,brooks60@kihn.com,5uFI(z
2725b876-0c6a-30c6-a824-bb285ad7413e,Prof.,Ruthie,Reilly,"31/81 Anderson Ford Suite 198","San Jose del Monte",Talisay,Texas,"Northern Mariana Islands",667-791-087,313-654-928,"Daugherty Inc",effertz.net,"Maintenance Worker",navy,1979-07-25,bjohnson@kautzer.biz,RI3)s|J)Zd.#(
4e2e9f9a-047e-37ac-8e4d-c00e1b5a799a,Ms.,Greta,Gaylord,"87 Kunde Glens Apt. 896",Valencia,Mandaue,Kansas,"British Virgin Islands",799-951-032,239-048-569,"Hermann, Schuster and Mraz",hoeger.info,"Private Household Cook",maroon,1979-01-11,oconnell.elton@ullrich.com,"nI1^8C@jc@,Y?N""dYW"
32ee788e-0ce0-3da5-9042-818e3837d902,Dr.,Taya,Flatley,"51/19 Von Manor Apt. 551",Canlaon,Urdaneta,Colorado,Bermuda,605-222-867,978-882-039,Homenick-Crona,herman.com,"Chemical Equipment Tender",black,1981-10-02,edd04@yahoo.com,^;|_Y)`WD
36e93a3a-9150-3d8b-bd91-a9f410707822,Dr.,Elwyn,Aufderhar,"30A McClure Corner",Caloocan,Bayawan,"New York",Philippines,533-081-740,683-070-297,Schoen-Herman,legros.com,"Mechanical Door Repairer",silver,2011-02-14,pattie.ullrich@kunze.com,owJD.K0xD|Sr^Q
9c681c9b-411e-3ba6-97ff-c01da483a9f8,Prof.,Shaniya,Murphy,"50 Schuppe Inlet",Mati,Carcar,Pennsylvania,Malta,772-670-471,318-787-620,"Bartoletti, Rowe and Lesch",greenfelder.org,"Commercial Diver",silver,1986-08-14,cruz64@little.biz,"80/A@+t2/i%O,"
f5bff85d-0324-33a4-baea-b2a54444c98f,Mr.,Curtis,Wisoky,"12A/01 Howe Valleys",Bacolod,Olongapo,Indiana,"Central African Republic",854-447-012,698-907-970,"Streich LLC",ratke.com,"Child Care",navy,2015-02-16,astark@hotmail.com,N9$jQ*
74cb7444-0b01-3a16-bed7-31ca10534bb6,Dr.,Baron,Trantow,"25A Cummings Mill Apt. 344","San Fernando",Naga,Florida,Turkey,971-309-166,945-598-009,"Jones, Conroy and Bode",will.com,"Licensing Examiner and Inspector",aqua,2013-04-07,jacobs.mohamed@kertzmann.com,4`iD&P
7b711c18-25b4-3984-9156-37a3880ce178,Mrs.,Kathleen,Rau,"92/10 Schuster Burg Suite 301","San Jose del Monte",Meycauayan,Hawaii,Afghanistan,709-531-060,805-029-813,"Frami, Feeney and Rosenbaum",hickle.biz,"Law Teacher",green,1987-01-26,evert07@yahoo.com,G=MG-i3{&M5Wf
ebc634a7-d638-3039-ac44-85c886ade943,Mr.,Tyree,Stamm,"76 Gerhold Greens Apt. 079",Dumaguete,Calamba,Idaho,"Cape Verde",588-199-965,272-946-531,McGlynn-Grady,zulauf.info,Archeologist,purple,2023-08-21,huel.ellsworth@hotmail.com,&zHk`>W
fcef2811-7b90-3382-9a31-a52cf916559e,Dr.,Yasmin,Block,"51A/07 Franecki Mills Suite 602",Samal,Tacurong,Alaska,Belize,630-936-880,173-848-503,"Cummerata PLC",rath.info,"Environmental Science Teacher",silver,1998-06-15,corwin.abbey@ankunding.com,x>c;-3W
857065f8-eec6-3692-ac0d-1b95daa025a8,Miss,Ari,Harris,"46 Ward Station",Mabalacat,Lucena,"South Dakota",Luxembourg,606-702-812,147-832-641,"Murazik Inc",boyer.org,"Refractory Materials Repairer",aqua,2014-08-28,zieme.clemens@gmail.com,#[;6L@ph%o-ZNS
d01a88b4-9f80-3ae9-81c0-48658f708693,Prof.,Ewald,Schamberger,"40A Homenick Via Suite 665","Santa Rosa","San Jose",Michigan,Paraguay,662-158-943,871-717-955,"Abernathy, Stroman and Schiller",legros.biz,"Storage Manager OR Distribution Manager",silver,2022-01-13,kgottlieb@effertz.info,"@M/]Q%=\q@XGWH]Vxg"
159ef978-9649-3c9f-b665-f5d9cd0ee601,Miss,Sid,Kovacek,"78A Konopelski Curve Suite 679","Cavite City",Kabankalan,Connecticut,"French Polynesia",775-396-343,095-477-010,"Dicki Inc",bauch.com,Landscaper,silver,2004-10-05,celine.terry@terry.com,<LX_D:X/g/B&
4e554585-91bb-3f4d-b44b-6ba3ea295651,Mr.,Markus,Hermann,"47 Stanton Place",Roxas,Kidapawan,Oregon,Eritrea,467-015-953,761-477-401,"Sauer and Sons",armstrong.com,"Correspondence Clerk",gray,1981-05-03,hector97@wiza.net,":!""]-{EdE|NYw8"
7280f69d-7360-3d1c-ae63-3348769ee552,Prof.,Thurman,Batz,"13/56 Grant Lodge Suite 911","San Pedro",Malabon,Maine,Guatemala,542-189-907,069-818-753,Spinka-Quitzon,kling.info,"Foreign Language Teacher",maroon,1974-08-13,kulas.karlie@gmail.com,"-`W""gl2;`^WE"
61719bab-1dff-334b-8f14-e699973acfed,Miss,Breana,Will,"35A Crona Centers",Carcar,Danao,"New Hampshire",Eritrea,501-202-840,871-652-179,"Keebler, Prosacco and Balistreri",hansen.com,Veterinarian,purple,2016-03-28,waylon.hahn@ryan.biz,aw?E3[8e
579f334f-84f1-34f6-b415-659e14ccbf40,Mr.,Geo,Streich,"23A/15 Farrell Pine Suite 925","San Juan","San Jose del Monte",Nebraska,Turkey,186-761-036,719-296-113,"Harber Ltd",hessel.com,"Medical Equipment Preparer",blue,1985-05-08,sarah.ferry@yahoo.com,"IF6_,,^5WM0PV74o5t="
61b05761-a5c5-3418-92ee-a7242986288b,Mrs.,Humberto,Bergstrom,"07A Fay Stravenue Suite 201",Pasay,Talisay,"New Hampshire",Timor-Leste,407-207-159,815-205-144,"Howell, Kertzmann and McGlynn",skiles.com,"Claims Adjuster",yellow,1989-07-27,rogahn.claudia@wolf.com,";-;&""A"
841abe6f-477b-3e90-8e45-5690fb2d30e3,Mr.,Abner,Wisoky,"45/82 Lind Heights Suite 980",Escalante,Makati,Tennessee,Uzbekistan,552-695-987,652-730-933,"Rau, McLaughlin and Haley",cremin.info,"Industrial Machinery Mechanic",gray,1982-11-18,heller.maude@schroeder.com,"4IN\B$q"
953be725-7bb2-32b5-a662-864744933ecf,Dr.,Isac,Bartoletti,"34A/34 Cummerata Ramp Suite 622",Roxas,Malolos,Alaska,Croatia,839-638-489,932-070-985,"Steuber, Pouros and Mitchell",hoppe.com,"Paper Goods Machine Operator",olive,1984-05-14,bell31@kautzer.com,"wg^Sz?u,y>]EY0$@R`qQ"
4274cd11-2362-3ca1-a24f-473e5475869e,Miss,Adriana,Howe,"51/61 Hirthe Centers Suite 468",Balanga,Lamitan,Vermont,Bahamas,494-826-034,004-341-823,Deckow-Purdy,beatty.com,"Forest and Conservation Technician",gray,2011-05-25,devante84@yahoo.com,"k{!j\q|~"
3b3fe4b5-6790-3c9d-b585-5256c6754a90,Dr.,Jaquan,Quigley,"26 Farrell Points","San Pedro",Samal,Indiana,Malta,850-546-863,351-151-430,"Schoen Inc",turcotte.com,"Logging Equipment Operator",black,1985-05-06,tevin.grady@brekke.com,"&mf8<""6"
410af246-82aa-3a35-aa2b-9aa1b0eca8e2,Ms.,Cynthia,Haley,"09A Marks Point",Taguig,Danao,Montana,Ecuador,678-944-924,003-942-405,"Kreiger, Kris and Gerhold",greenholt.com,"Pest Control Worker",maroon,1986-01-28,kelvin13@okon.info,&}|43LiaeL
08ba40c6-82b4-3498-a1e9-8ce57eb84fc9,Ms.,Joannie,Daniel,"97 Haley Lock","San Pedro",Valencia,Arizona,Chile,974-397-723,167-691-258,"Aufderhar Ltd",rath.net,"Special Forces Officer",lime,2014-04-27,santa64@kunde.info,[oL8A2[ntMyEN
ae4c0141-ec62-3e73-8e85-dfe48e366007,Prof.,Julio,Schiller,"35A Mann Mall",Naga,"Trece Martires",Maine,Swaziland,944-316-214,167-611-098,"Renner Ltd",runolfsson.com,"Restaurant Cook",maroon,2015-02-19,kyle.carter@gmail.com,"RJ@h[J'>XbD/,!<\"
eef43fab-cc85-3b87-bfa6-33f9628a9b46,Prof.,Elyse,Hermiston,"45/69 Marquardt Inlet","San Carlos",Canlaon,Washington,"Saint Helena",224-252-383,468-639-164,"Funk Ltd",upton.com,"Social Worker",aqua,1983-09-22,lhill@yahoo.com,2Me}iGv;C{b]
e6408260-5551-35eb-8eea-3f06e5c1bc26,Mrs.,Eleazar,Mraz,"39A/05 Lehner Isle",Bacolod,Cauayan,California,Taiwan,427-414-583,200-386-979,"Erdman and Sons",price.com,"Printing Machine Operator",white,1976-01-13,daugherty.addison@quitzon.info,gYe<[uelUrGc
54a33d48-7712-3fdf-9105-1329000d5a44,Miss,Emmalee,Towne,"75 Zemlak Squares Suite 533",Malaybalay,Panabo,"New York","Antarctica (the territory South of 60 deg S)",856-708-053,892-089-461,Littel-Schulist,romaguera.com,"Locker Room Attendant",maroon,1991-02-11,toy.caden@bednar.info,":Rh""E5a<4-CY{a"
ac801c6b-39bc-3581-9494-6cb25aaab235,Prof.,Pearlie,Yost,"61/36 Lueilwitz Spurs Suite 694",Catbalogan,Mandaue,Montana,Haiti,927-796-229,535-780-468,Haley-O'Kon,koepp.info,"Pipelaying Fitter",maroon,1992-05-12,icie18@gorczany.com,XQT`4Y
36995b77-a7f7-3890-8e6f-d9d0f4ac11ed,Dr.,Justyn,Gerhold,"66A Welch Island",Tanjay,Tandag,Wisconsin,Portugal,709-836-039,167-841-859,Donnelly-Schumm,dietrich.com,"Restaurant Cook",yellow,2004-10-26,romaguera.robbie@hackett.biz,o<XRXoGuuP
b1c24c2b-e4ea-35ff-882c-2ce24a5ac7ca,Prof.,Jailyn,Armstrong,"66/65 Hegmann Drive Suite 307",Batac,Taguig,Maine,Seychelles,286-162-710,326-817-578,"Reichert LLC",kohler.com,"Crushing Grinding Machine Operator",blue,1987-05-07,whintz@medhurst.com,"$y@`+OV""\e\"
9f66af41-c455-313e-a89d-facd391c4973,Dr.,Kayleigh,Douglas,"64/32 Stamm Lights Suite 100",Tanauan,Dasmariñas,Montana,"Antigua and Barbuda",297-100-678,130-505-372,"Gleason, Windler and Collier",donnelly.net,"Gas Processing Plant Operator",lime,1996-06-16,madisen.gutmann@skiles.info,OGlL%$|89F
cf41e79f-9241-3834-bb04-11182f67c57a,Dr.,Theron,Nitzsche,"56/70 Schultz Valley",Escalante,Parañaque,Vermont,Poland,254-744-844,861-082-505,"Gorczany LLC",hirthe.net,"Homeland Security",olive,1982-10-22,dawson98@collins.com,}I9_P~JVs
368602d0-f21d-3246-8680-a900fd600133,Mrs.,Annette,Osinski,"76 Mills River",Bayawan,Malaybalay,Pennsylvania,Djibouti,899-793-931,396-058-149,Kemmer-Kuvalis,farrell.biz,"Medical Appliance Technician",silver,1995-05-28,nmertz@yahoo.com,|6b^/B2%A]p9qPn4tjJ
2dad932c-d9f9-31dc-8ea0-3324c565f0ae,Dr.,Rashawn,Balistreri,"21/49 Bergstrom Heights Suite 206",Koronadal,Pasig,California,Guinea-Bissau,486-498-742,547-211-086,"Dooley, Wintheiser and Kohler",mills.com,"Floral Designer",navy,2012-04-01,loyce42@gmail.com,"""!d[>J["
0d0ddded-8d5a-3905-8860-d7b870861783,Mrs.,Alfreda,Kautzer,"71/29 McGlynn Walks",Oroquieta,Mandaluyong,"South Dakota","Russian Federation",196-650-130,203-030-731,Maggio-Brown,kirlin.com,"Timing Device Assemblers",olive,1971-05-30,orie.jakubowski@pollich.com,"_l?,'A5]kzG<d/mP"
2ef85246-af46-3d17-a7c4-dddf645844dc,Mrs.,Makenna,Luettgen,"97/41 Tillman Light",Calamba,Oroquieta,Oregon,Somalia,519-767-624,737-835-665,"Bernhard, Cronin and Beahan",metz.org,"Forest Fire Inspector",lime,2006-01-12,caleigh.volkman@lang.net,u')C>x
f0b2c7b2-4bb9-3f05-8b85-74df81ea7d28,Miss,Yesenia,Jaskolski,"40A Hickle Wall Suite 762",Cabanatuan,Alaminos,Mississippi,"Saint Helena",056-123-452,979-922-126,Swift-Steuber,willms.com,"Nursery Manager",maroon,1973-09-26,nienow.moshe@yost.org,YlBZT<8i1B`U|Lhe]
f406913a-53ca-3499-ba1a-b7232bb8546b,Mr.,Hallie,Schiller,"04A/85 Konopelski Loaf",Dumaguete,"Batangas City",Nebraska,Nauru,823-725-419,653-477-271,Dietrich-Ondricka,flatley.com,"Chemical Equipment Controller",aqua,2004-07-07,yhand@yahoo.com,I/9Rzg^A%BA
3e27c22a-0b1f-32fe-bbca-91d764d0b7fa,Dr.,Lewis,Carter,"58/66 Powlowski Rest Apt. 105",Oroquieta,Catbalogan,"New Mexico","Equatorial Guinea",488-802-665,479-147-221,Torp-Metz,stracke.net,"Postal Service Mail Sorter",teal,1981-12-03,raegan74@yahoo.com,/EoY~:7J_H+2Si
724dfc2e-0198-3a58-b612-180a2f3615ea,Prof.,Kaia,West,"24/78 Mante Ports Apt. 829",Butuan,Butuan,Alaska,Anguilla,682-757-083,672-534-342,Stokes-Bernhard,wilkinson.org,"Aircraft Rigging Assembler",navy,2006-03-06,yortiz@gmail.com,=;~nBbU2C1/][VQD<K~
f769ab83-e663-3b22-b98f-6a48bc3729cb,Dr.,Daniella,Bayer,"95A Hyatt Trafficway Suite 241",Marawi,Cadiz,Nebraska,Pakistan,633-350-957,599-975-479,"Steuber, Romaguera and Jast",klocko.com,Admin,black,1977-04-18,stanton.kenneth@gmail.com,"6T~""c|HuY'`"
32e14fa5-8770-3769-9442-3ef52ed8bfa7,Mr.,Cynthia,Runolfsson,"22/34 Braun Glens",Antipolo,Alaminos,Arizona,Djibouti,930-949-311,039-611-832,Schamberger-Crooks,boyle.net,"Radiologic Technologist and Technician",purple,1997-08-31,omills@hotmail.com,FsG@=X`
f050ffcd-4d36-346e-9b8b-985429af3b6b,Miss,Haylie,Schulist,"19A Kutch Stravenue","Las Piñas",Carcar,Michigan,Zimbabwe,024-329-154,394-511-676,"Frami, Gutmann and White",schuppe.com,"Municipal Fire Fighting Supervisor",lime,1974-10-11,rthompson@yahoo.com,4cEgPG%
e53dbc70-d59a-3e61-8509-006db2fb783f,Prof.,Juliana,Schoen,"21/97 Morar Viaduct",Ormoc,Cabuyao,Colorado,Kazakhstan,617-952-425,234-175-726,Hills-Hyatt,mueller.info,"Loan Officer",maroon,2003-05-29,fokeefe@hartmann.net,"CrF\Z5&kjp#ZL8:YO7"
ca0d205f-abeb-3aad-9cf9-a606c080cc38,Prof.,Rahul,Stracke,"27/42 Abshire Parks Suite 217",Samal,Dasmariñas,Alabama,Greenland,590-400-801,993-869-284,"Mertz, Watsica and Swaniawski",dickens.net,"Aviation Inspector",fuchsia,2005-09-13,kulas.arvel@mckenzie.net,`7(lZQjF0:u1
b478a145-7c68-3362-95b3-63c3a54aee8a,Dr.,Chaya,Conroy,"16/42 Homenick Prairie","San Jose del Monte",Naga,Maine,Cyprus,891-023-998,022-655-102,Streich-Gislason,swift.info,"Plating Operator OR Coating Machine Operator",green,1976-06-14,donnelly.bridie@gmail.com,~wl~(#d5vdl.n2(rvf
e8af2f0c-707f-3173-8adf-3a8d01319629,Miss,Ewald,Rogahn,"85A Harber Shores",Baybay,Calamba,Delaware,Mexico,182-937-454,013-038-159,Langworth-Schaden,frami.org,Audiologist,purple,2003-12-08,kling.michaela@yahoo.com,kgIE(+@
c62d9fa2-64c5-314d-89ae-fd11e40d9eef,Mr.,Saige,Cummerata,"91 Bayer Summit",Gapan,Panabo,"South Carolina",Japan,268-747-411,290-064-173,"Kilback Inc",carroll.info,Lawyer,olive,2015-08-20,wilmer.greenholt@bergnaum.net,":3c)8we""oc{|6H|V)"
4c12f399-a09d-3107-9597-21f6317b85bb,Dr.,Celestine,Bergstrom,"19 Nikolaus Run Apt. 587",Sipalay,Dagupan,"New Jersey",Qatar,741-074-402,210-517-042,Daugherty-Stark,kohler.com,Solderer,fuchsia,1970-01-09,eryn81@hotmail.com,uU{4;66U(q-d
36f177fe-2089-3563-aab8-e397bf2729de,Mr.,Jamey,Bins,"75 Doyle Mission",Makati,"Trece Martires",Arkansas,Panama,845-567-314,969-495-230,Barrows-Conn,ortiz.net,"Soldering Machine Setter",black,2020-03-13,rowena.bergnaum@hotmail.com,"g:jEyM,Yr7<LD"
0153399c-e67a-30cc-888c-dcb38c20f71f,Prof.,Anissa,Hilpert,"73/12 Hills Highway Apt. 848","San Carlos","San Carlos",California,"San Marino",166-440-759,460-114-849,"Stamm Group",rutherford.com,"Public Relations Specialist",purple,2009-06-24,dominic.price@hauck.com,[11^r#Zrg:z;pJ`0wQ
eeed2090-1891-3bf1-b612-79f7f2daae80,Dr.,Leone,Beier,"55A/63 Jacobi Hollow",Naga,"San Fernando",Oregon,Poland,044-639-505,386-174-724,"Bechtelar, Crona and Huel",russel.biz,"Material Moving Worker",green,1984-02-14,lindgren.santiago@yahoo.com,m2>#v(s$/O9
ab5fc873-9b6f-3201-a63a-c6f4ddc9a3cc,Dr.,Forrest,Brown,"61 Spinka Freeway",Tabuk,Palayan,Arizona,Singapore,681-787-547,288-323-330,Herman-Welch,marks.org,Counselor,gray,1995-11-21,mary.schmidt@yahoo.com,"}.b7\nIwe=-K}"
2ece513e-5ddd-3192-9931-915a667a661d,Prof.,Augustine,Bailey,"23 Hand Street Apt. 277",Marawi,Palayan,"North Dakota",Singapore,963-618-396,443-760-285,"Cole, Waters and Harvey",eichmann.com,"Locker Room Attendant",fuchsia,1981-06-19,hjacobs@stark.com,tg][1wfO2?AZ@y8x
ef5f2277-52f5-3e1f-8b1f-68c65aedca09,Dr.,Avis,Conn,"05A/34 Brown Tunnel Suite 132","Trece Martires",Marikina,"New York",Switzerland,186-407-181,909-248-713,"Hane, Huel and Casper",powlowski.net,"Occupational Therapist Aide",fuchsia,1973-11-09,swift.dandre@schultz.biz,`f:vzrj*@9ir
12ff33ff-bbfc-31dd-b279-ab8260e7165f,Prof.,Rosemary,Sporer,"83/33 Schmidt Shoals","San Fernando",Borongan,"New Hampshire",Spain,669-135-860,855-166-345,Parker-Harris,strosin.com,"Executive Secretary",olive,2022-07-28,qwill@kovacek.com,lKm0IZ[JO9p
29f57d55-21f8-38c0-bfa7-d8fe157615d2,Prof.,Brain,Williamson,"46/89 Heidenreich Walk",Guihulngan,Ilagan,"South Carolina",Tonga,142-275-504,047-049-354,Romaguera-Kuvalis,price.com,"Log Grader and Scaler",lime,1986-08-23,nmcclure@yahoo.com,#)kKQ^mE=
526eafe8-dde4-3630-807c-296d0760c18d,Prof.,Charlene,Turcotte,"75A/61 Kling Rapid Apt. 308","El Salvador","San Carlos",Wisconsin,Qatar,459-262-800,773-507-727,"Hettinger Inc",krajcik.info,"Orthotist OR Prosthetist",fuchsia,1979-01-21,aborer@pfannerstill.com,Ff.z&Dgn4)=wUA
496ef2ee-f4a4-323a-9abe-d732d8d8a5ce,Prof.,Maybelle,Macejkovic,"57/13 Altenwerth Plains",Isabela,"Quezon City","New York",Belarus,403-103-356,904-283-277,"Gutkowski LLC",klein.net,"Cooling and Freezing Equipment Operator",gray,2009-09-03,kmarvin@hills.org,9cRNffXXBOeu|2JA
95fed76f-5e93-311f-a977-1d25e86ab71c,Mrs.,Mya,Balistreri,"90 Sawayn Shoal Suite 545",Biñan,"San Fernando",Iowa,Zimbabwe,323-019-879,456-938-675,Bednar-Emard,nitzsche.com,"Postsecondary Teacher",teal,2010-10-23,delphia36@zboncak.com,"}/WM},i;Z;m}YRj<{`"""
82059e8f-b510-3a30-af20-416e5151c1ee,Prof.,Avis,Satterfield,"71/37 Gottlieb Expressway","San Fernando",Butuan,"South Carolina",Niger,868-629-778,204-102-388,Spinka-Hayes,kerluke.org,"Extruding and Drawing Machine Operator",blue,1971-07-15,rohan.valentine@gmail.com,@W3N&z@}!8f_8(X[c
53d17daf-09fb-3452-8bcd-d35fb1b122c7,Prof.,Lorine,Morar,"13A Tillman Forks",Calamba,"La Carlota","New Mexico","Northern Mariana Islands",528-738-439,060-303-035,Bayer-O'Connell,thompson.com,"Buffing and Polishing Operator",gray,1995-10-27,fschiller@crist.com,_`mO')$PyvAOr9v+c8u`
9feac00c-32dd-3aa5-9cf8-1e333929491b,Ms.,Haskell,West,"89/79 Leuschke Glens Suite 155",Mandaluyong,Tangub,Utah,"Cote d'Ivoire",694-951-247,387-722-739,"Reinger PLC",altenwerth.info,"Information Systems Manager",yellow,2016-01-09,gennaro05@gmail.com,xRWV?AdphG
736d7812-8089-3aab-8067-e6aa314e115c,Prof.,Tyree,Hand,"32A/64 Smith Curve",Roxas,Talisay,"New Mexico",Tanzania,571-557-614,951-093-128,Zemlak-Shanahan,davis.biz,"Bartender Helper",navy,1980-10-20,eemard@wehner.com,6BW3j#46
7d3e27ca-1413-3621-850c-718fbd7ab251,Prof.,Eliza,Kerluke,"69A Waelchi Ridge",Cabadbaran,"Sorsogon City",Texas,Burundi,372-794-317,792-171-638,Bode-Pfannerstill,zemlak.com,"Multi-Media Artist",green,1984-10-23,orempel@gmail.com,sVZ9AyQ>{Zy/l?W
e1f32964-0620-3e7b-bd65-598582d227d2,Mr.,Claudie,Daugherty,"76/64 Rath Route",Cauayan,"San Jose del Monte",Idaho,"Slovakia (Slovak Republic)",283-190-608,446-848-357,"Braun, Okuneva and Kiehn",rodriguez.org,"Pressing Machine Operator",white,1971-03-19,rokuneva@koch.com,-W=q%}
21384e12-6779-3798-a7a4-6d7004d3934e,Dr.,Catharine,Dickinson,"58A Graham Knolls",Carcar,Guihulngan,Wisconsin,Haiti,377-502-634,194-694-149,"Murazik, Ernser and Cormier",bailey.info,"Precision Mold and Pattern Caster",black,2022-11-13,upton.kaley@gmail.com,n9DFJ]PV0KaRn_5
cd66bc32-5646-3df0-b8ed-c5339b5d2089,Mr.,Justyn,Abbott,"22A Spinka Glen",Kabankalan,Legazpi,Louisiana,"Falkland Islands (Malvinas)",235-882-532,411-766-004,"Spencer, Cartwright and Green",steuber.com,"Court Reporter",purple,2023-12-24,harvey.candido@yahoo.com,pbZL=(L
715afb17-ce3e-3ec1-b537-5bf93479420c,Mr.,Rosalia,DuBuque,"73A Funk Wells",Dagupan,"San Jose",Vermont,Guernsey,808-854-458,562-694-554,Miller-Koepp,boyer.biz,"Online Marketing Analyst",yellow,1975-12-16,beth15@ullrich.com,}}yFs3S5=XJG{z%iOK6
c22f1055-f9f6-3129-98ff-a71d1cb8535a,Dr.,Carter,Schinner,"89 Wisoky Stravenue Suite 508",Victorias,Muntinlupa,Michigan,"Syrian Arab Republic",073-761-423,525-438-788,Miller-DuBuque,bayer.biz,"Aircraft Cargo Handling Supervisor",blue,1970-10-03,senger.hudson@gmail.com,vg(`vq9%GK
7816b1b7-d8cd-3e19-b5a3-03a6427489f8,Mrs.,Madie,Schaden,"18A Eichmann Light Apt. 979",Dasmariñas,"San Juan",Maryland,Mexico,888-369-809,424-644-703,"Graham, Kuphal and Johnson",marvin.biz,"Welding Machine Setter",white,1971-07-16,cummings.allie@gerlach.com,EFu'H%1U0W>i#H7
51cb538d-48be-3420-98bd-4ba707f62a5b,Prof.,Eloise,Brakus,"59A/40 Trantow Turnpike","Masbate City",Tabuk,Maryland,"French Polynesia",574-061-621,243-103-365,Jones-Grimes,romaguera.net,"Library Worker",olive,1998-02-09,brakus.milford@dickinson.com,"6<R""Rxm;Iwd++^v"
ee0d25f9-7fe5-3397-a817-23bd78a01d28,Mrs.,Lysanne,Hyatt,"92/28 Labadie Stravenue",Lipa,"San Fernando",Nevada,Bhutan,100-708-504,825-930-090,Yost-Herzog,conroy.org,"Rehabilitation Counselor",teal,1991-08-13,mbalistreri@reinger.net,"'-Wz\\V;z*ejY&0"
8a94d353-6376-3b7d-9453-bd64df3e9b5b,Prof.,Regan,Swift,"49A/56 King Expressway Apt. 370",Tabuk,Koronadal,Wisconsin,"El Salvador",886-287-759,550-319-391,"Herzog Ltd",reinger.com,Buyer,maroon,2018-03-16,angelina.kunze@king.com,"\6_O:1("
85ba2ae1-cc88-30d7-b3a5-2cc4270f096a,Ms.,Adriana,Bartell,"81A Konopelski Pass",Taguig,"Zamboanga City",Massachusetts,Bermuda,439-881-229,442-143-958,"Rohan, Zboncak and Eichmann",kling.com,"Maintenance and Repair Worker",green,1980-06-13,horacio09@rolfson.com,"5|E3M(,B""~?gL'6?q"
236bbc28-73d6-3132-8e6b-84d5d210fe43,Dr.,Bettie,Schmeler,"28A/07 Maggio Place",Ilagan,Toledo,"North Dakota",Guatemala,429-466-397,850-878-550,"Jacobi, Cartwright and Howe",dicki.com,"Manager Tactical Operations",purple,2015-04-18,hershel.parisian@block.com,[/L1.E
1c41fe3c-4f0a-3f48-8b44-93105de853a9,Prof.,Brant,Nader,"68/60 Paucek Spurs Suite 678",Catbalogan,Ormoc,Idaho,Chile,691-667-148,374-798-161,Adams-Nader,goldner.com,"Radar Technician",teal,2016-01-07,maye40@gmail.com,]K*?qQ
2ad176e1-8bbf-3302-a74f-0479e945f972,Mr.,Ephraim,Bernier,"69 Kemmer Trace Apt. 919","Davao City","Puerto Princesa",Arkansas,Austria,265-745-506,150-935-453,"Predovic, Stehr and Larson",kris.org,"Gaming Dealer",lime,1994-03-28,zieme.immanuel@kerluke.net,*FQk}[N
4f6c1d1b-d3a7-3ebb-aeaf-048445f6d9de,Dr.,Zelda,Franecki,"72A/25 Morar Drive",Tangub,Oroquieta,Alaska,"British Virgin Islands",283-645-642,081-466-404,"Bins, Halvorson and Kerluke",rice.com,"Computer Repairer",white,1979-01-29,kolby51@daniel.com,-ppUL#<[VS
21e4a1b2-b3d7-3606-9df5-ec1e3ab37294,Mr.,Coy,Kutch,"19A Hauck Mill Suite 311",Lipa,Muñoz,Texas,Italy,666-820-140,399-574-869,"Cartwright, Crooks and Lehner",bogan.org,"Conservation Scientist",lime,1989-12-28,grady.schulist@shanahan.net,PhvR*&
fb579f92-b91a-3a72-b247-3a617441f40a,Ms.,Jessica,Labadie,"14 Corwin Lights Apt. 630","Davao City",Roxas,Connecticut,Guinea,333-298-011,724-833-514,"Funk LLC",pacocha.com,"Pesticide Sprayer",gray,2012-10-03,hegmann.destinee@hotmail.com,Y/g%:/>
05a3b5ad-e8e7-37d7-89ed-9b10da472736,Mr.,Mellie,Rosenbaum,"39A Schamberger Station","San Carlos",Cabadbaran,"Rhode Island","Czech Republic",339-206-241,793-849-454,"Monahan PLC",wisozk.com,"Outdoor Power Equipment Mechanic",black,2003-10-18,coby.ritchie@hotmail.com,{Vjy&%S=Yfp=='@
7ebf0ce3-8492-3726-ba72-0a8e67b21614,Mr.,Jacques,Lesch,"61 Cronin Lodge","Zamboanga City",Himamaylan,Georgia,"Cayman Islands",959-723-300,271-796-707,Bergstrom-Gottlieb,metz.info,Etcher,aqua,2009-03-20,jmacejkovic@yahoo.com,abx4art|mCY@:K)BM*{x
189d7141-0e76-358d-8171-7bf52b321893,Mr.,Kaelyn,Osinski,"75A/54 Ratke Fort Suite 896",Antipolo,"Davao City",Ohio,Ireland,991-372-844,611-133-558,"Bruen Inc",haag.com,"Molding and Casting Worker",olive,1988-05-13,kblock@hotmail.com,.Ut|<KzdD+xbpQoe+
9c397ab7-5466-3781-8b6c-5897eaf9c044,Prof.,Willis,Robel,"75A Fay Loaf Suite 028",Baybay,Passi,Wisconsin,Ukraine,574-710-708,683-019-688,"Morissette LLC",macejkovic.com,"Oral Surgeon",fuchsia,2014-09-28,peter75@breitenberg.org,F^n(q%{MiiI_>)$U
e89a1e6e-8ade-33c2-b324-ab0964310112,Ms.,Griffin,Bartoletti,"42/95 Prohaska Terrace Suite 967",Guihulngan,Marikina,Nevada,Haiti,045-404-829,831-631-716,"Swaniawski Group",rowe.net,Pediatricians,green,1974-12-27,ebony.kiehn@yahoo.com,brXNeiOobw!`@
935f896c-d5d2-3beb-86f7-7657217fc5c9,Dr.,Josiane,Hayes,"65/22 Eichmann Wall Suite 256",Butuan,Tabaco,Alaska,Zimbabwe,623-503-844,991-941-366,Hodkiewicz-Heidenreich,streich.info,"Healthcare Support Worker",green,2017-04-25,treutel.rogers@gmail.com,"G[b8TWk\"
6d9113fd-8fb8-3f4c-9e33-b3fc3ea8e04a,Dr.,Crystel,Gutkowski,"48A/36 Rice Rue Apt. 107",Mandaluyong,Dipolog,Kentucky,Mauritius,759-249-207,586-019-378,"Simonis, Feeney and Hirthe",mills.com,"Police and Sheriffs Patrol Officer",white,1982-05-24,fisher.dagmar@hotmail.com,"a6*Jr.X`,CHipjE18bj"
932e84f1-b367-3e85-83d9-a1b6de672250,Miss,Ismael,Osinski,"60A Cassin Mountain Suite 098",Lucena,Tandag,"New Mexico","Bosnia and Herzegovina",359-630-748,820-371-218,Ondricka-Schuppe,vonrueden.net,"Forest and Conservation Technician",blue,2010-12-21,mosciski.jany@hotmail.com,LzP}`6P2'
0e6897e7-b3a5-3493-96e6-4ca55c9dbf78,Dr.,Ignacio,Wilkinson,"59 Heidenreich Flat Suite 896",Tagaytay,Bais,Georgia,Barbados,888-315-397,596-602-913,Ruecker-Lowe,wisoky.com,"Operating Engineer",black,2013-04-01,bernier.alexzander@dicki.net,cPpn;3
d1aa84ea-4258-3488-a38a-45e15a91469d,Miss,Jakayla,Zemlak,"53/11 Barrows Spur",Muñoz,Oroquieta,Washington,"United Kingdom",988-753-587,401-971-850,"Heathcote, Wiegand and Roob",mitchell.com,"Forensic Science Technician",gray,1973-08-31,eloy.hayes@hudson.org,Y$2}K3w
c9d67e8d-37d0-32ec-9c4d-a78362f39960,Ms.,Terrell,Johns,"68 Rohan Spring","Cotabato City",Tabaco,Iowa,"Palestinian Territories",394-263-991,009-720-214,"Keebler, Kassulke and Schoen",kirlin.com,Sculptor,aqua,2006-10-04,eva.torphy@hotmail.com,];=YK8jo6f~I7K<U0mG=
ac139970-4088-3435-a1ea-171c64f75894,Mr.,Alverta,Hills,"09A/22 Price Mill",Muntinlupa,Tanauan,Idaho,"Cook Islands",179-224-018,351-029-704,Ortiz-Bashirian,kunze.com,"Human Resource Manager",blue,1976-01-05,bzemlak@hotmail.com,q~%hd:D@@rS
e9fa8f03-c410-38f6-a22e-21a0a0b255f2,Prof.,Louie,Sawayn,"22 Walker Grove",Koronadal,Gingoog,Indiana,Iran,450-133-187,471-717-686,Flatley-Bruen,koch.info,"Occupational Therapist",gray,2024-02-01,altenwerth.hailey@hotmail.com,"M$hZZ|p'tN""P\*~"
1a74cef7-3b38-3469-9db1-46e98b4804fa,Prof.,Lynn,Veum,"43 Rolfson Villages Suite 156",Mabalacat,Guihulngan,Mississippi,"Equatorial Guinea",271-775-192,168-230-048,"Bartell, Hayes and Tromp",bauch.org,Auditor,navy,2010-11-15,crohan@dietrich.com,"O->3,9H*UfM$2hd$>J""N"
75d90dd7-9418-36ff-b2bf-4035d0c4cf68,Mr.,Tyrese,Ward,"69A/89 Rutherford Union Apt. 335",Tanjay,Dumaguete,"District of Columbia",Niue,022-801-025,511-993-777,"Lowe Inc",abernathy.info,"Director Religious Activities",aqua,1980-06-26,theidenreich@hotmail.com,SP)iS[
b6e4e1de-c832-3d3b-b061-ca8cdfeb7158,Prof.,Alex,Maggio,"86 Littel Harbor Suite 531",Malabon,Tanauan,"South Dakota",Malawi,581-466-637,000-690-042,"Hintz, Volkman and Howell",paucek.com,"Plating Machine Operator",silver,1981-11-28,guido.yundt@yahoo.com,I$=Y>'3~PG
ecb9188a-d035-388b-a726-e84b2c917163,Mr.,Mose,Denesik,"78/36 Lemke Falls",Taguig,Pasay,Kansas,Panama,207-213-128,418-492-382,"Wiza, Lowe and Ankunding",heathcote.com,"Airframe Mechanic",silver,1980-01-30,thurman.mann@gmail.com,?WUw=8<.G`qT#aI
7ffc1d2d-dc6b-3f29-96e5-0629dd4963ac,Dr.,Emmet,Schiller,"37/58 Bruen River",Tagum,Sipalay,Washington,"United States Minor Outlying Islands",082-974-541,636-687-574,Bogan-Auer,harvey.org,"Grinding Machine Operator",maroon,2000-10-04,smith.zack@hotmail.com,OrMOv6]g
e15b5ba9-35a7-354c-a966-826172ff5a3b,Prof.,Bradley,McKenzie,"44/12 Keebler Locks Suite 620","Cebu City",Urdaneta,Oregon,Bulgaria,085-293-107,674-262-468,"Zboncak, Beahan and Robel",ullrich.com,"Semiconductor Processor",fuchsia,1970-04-19,dariana15@yahoo.com,cBlE?R@/$HYbf<lWlQ-?
85642ecc-b801-36c4-a650-1ab1e8097ab9,Dr.,Willy,Brown,"02A/72 Konopelski Shores Suite 740",Pasig,Caloocan,California,Mali,779-839-412,291-225-297,Nader-Corkery,shields.net,"Marketing VP",maroon,1996-10-07,afay@hagenes.com,0UZ%BZSf6{
325371be-9f12-3b5a-b259-1a4947144971,Mrs.,Hillard,Kuhic,"60A/66 Yost Mews Suite 338","San Pedro",Parañaque,Texas,Aruba,671-516-800,520-291-343,Kohler-Goyette,koelpin.com,Economist,gray,1974-04-11,junior84@yahoo.com,"/&y;,g3b;fVd&0sWg"","
5d27b815-9766-3352-9da7-c903ffc40cad,Prof.,Sydney,Ondricka,"98/25 Eichmann Pine Suite 923",Mabalacat,Bacolod,Wyoming,"Holy See (Vatican City State)",883-395-050,747-781-402,Lind-Heidenreich,wehner.com,"System Administrator",yellow,1976-04-25,teresa.klocko@hotmail.com,SOF:R%8}hDBg9:4
4cc43038-a4e4-3bd2-ac83-f761df1238ad,Mr.,Etha,Hills,"69 Kshlerin Mount",Iriga,Catbalogan,"South Carolina",Congo,977-462-167,816-241-854,"Wilkinson Inc",kautzer.com,Shampooer,gray,1994-06-08,ckozey@yahoo.com,TJ&T+IoGe#=fh:|Ae
177f9cf0-9a55-36b1-b9c9-b44a4f28e744,Mrs.,Meda,Robel,"13 Moore Cove Suite 366","Zamboanga City",Talisay,California,Cambodia,007-328-294,108-473-344,Gaylord-Rohan,langworth.com,"Machine Tool Operator",aqua,1978-03-27,savanah.kemmer@yahoo.com,vg6osLVUwvMVB
ada3742a-183b-3c6a-a945-219bd0f65329,Prof.,Sherman,Renner,"23A Pagac Island Apt. 308","Cavite City",Kabankalan,Kentucky,Malaysia,593-436-578,719-860-353,"Murazik, McKenzie and Dickens",farrell.org,"Sales and Related Workers",aqua,1978-03-17,pgulgowski@gmail.com,"i):YDgPNVw""K0FC.3)Pr"
f90f8972-5cd5-32d1-b2ad-85126ee7bf52,Mr.,Jamaal,Wehner,"19A/81 Ondricka Wells Apt. 275",Muñoz,"La Carlota",Washington,"Western Sahara",927-567-253,719-125-791,Lockman-Spinka,franecki.com,"Laundry OR Dry-Cleaning Worker",silver,1990-06-28,mittie20@gmail.com,"{""B^ZnCz*zjX+<CC+"
bcf1a851-70e7-3bfc-9a15-bcc123012146,Prof.,Alexie,Larkin,"42A/30 Lynch Common Suite 496",Bayawan,Lapu-Lapu,Illinois,Bahamas,587-172-769,362-150-185,"Champlin, Hickle and Gutkowski",ernser.com,"Music Arranger and Orchestrator",black,2005-03-26,cordie66@yahoo.com,"""?~A{aeyu2AJI0'+p1uA"
f45b096d-7397-35dd-bac2-7e481a9b2155,Dr.,Clare,Padberg,"96/65 Langworth Pines Suite 490","San Carlos",Roxas,Pennsylvania,"Saint Martin",696-972-427,881-080-360,"Lindgren PLC",schoen.info,"Desktop Publisher",teal,1997-07-16,rachael25@gmail.com,D9n~@`4Xi[3
6eca4da8-da90-3717-8d60-efe82205cddd,Mrs.,Helga,Conroy,"75 Yost Forge Suite 677","San Jose","Batangas City",Minnesota,Myanmar,329-187-555,344-637-202,"Kuphal, Denesik and Durgan",prosacco.com,"Human Resources Specialist",fuchsia,1982-11-27,allan.klein@hyatt.com,OW)VJ$@Z35Ab
ef35a536-6abf-3402-a5b3-22114805a32b,Prof.,Garnett,Sanford,"92A Erdman Throughway",Victorias,"Cotabato City",Florida,Latvia,932-469-408,525-088-077,"Cole, Heller and Shanahan",mraz.com,"Municipal Court Clerk",fuchsia,1974-10-25,mpollich@gmail.com,"KL~u\HZW"
73496189-2bbc-3cbf-94c0-6f9010213f96,Miss,Alyson,Ziemann,"44 Leuschke Overpass Suite 203",Borongan,Lapu-Lapu,Indiana,Dominica,032-845-842,807-248-251,"Turcotte Ltd",bernhard.com,"Postal Service Clerk",purple,2006-12-07,ankunding.karolann@becker.net,l6&ypZ_
eb48d9b9-68ec-3203-b727-a92f53f95790,Miss,Magdalena,Johnston,"81A Thiel Curve",Cadiz,Manila,Illinois,Iran,887-303-552,864-704-683,"Watsica, Parisian and Keeling",jones.info,"Washing Equipment Operator",white,1989-01-04,berenice30@yahoo.com,"Q{C*{?kAsrvVM\9.f=d"
60338760-e65f-34a3-a58a-77e1df2ea637,Dr.,Lexus,Labadie,"22A Beer Manor Apt. 023",Catbalogan,Tuguegarao,Vermont,Maldives,556-452-410,609-944-420,"Jacobi PLC",kling.com,Courier,green,2004-10-03,fatima18@gmail.com,"p5gR[,BhqaMEKvd3e"
0cab1210-7391-31d2-aab0-ad5f3b5a9895,Miss,Izabella,Lemke,"85 Schuppe Views Suite 548",Bayawan,"Zamboanga City",Minnesota,Niue,704-600-434,833-875-141,"Okuneva Ltd",schowalter.net,"New Accounts Clerk",silver,1974-01-30,isabelle.crist@wehner.biz,"N0""giwkbL$N=*#Y>L11-"
44c98942-146c-344c-825c-81e811ca4c33,Ms.,Kory,Turner,"47/62 Nienow Fort Apt. 736","San Fernando",Ozamiz,Florida,"Bouvet Island (Bouvetoya)",902-503-526,912-172-009,Bayer-Strosin,cormier.com,"Tour Guide",teal,2001-09-07,delaney.kozey@yahoo.com,QB-KwP(B9J:A+hh
e9e8da4d-2ad5-333b-a365-a825b3b8e739,Prof.,Herman,Trantow,"57 Johnson Lakes",Carcar,Tacurong,Delaware,"Norfolk Island",730-419-357,347-611-263,Dickinson-Rice,labadie.com,"Pewter Caster",blue,1977-03-17,jaden.bernhard@altenwerth.com,PMU|}g4{ZJFMY%lhBs0m
55ce29f0-d289-395b-9562-ec24556358a0,Ms.,Einar,Douglas,"52 Wyman Glen",Palayan,Cadiz,Maine,"Holy See (Vatican City State)",945-138-652,575-138-138,"Will Group",ebert.org,"Medical Technician",teal,1974-12-27,rebeka.leuschke@gmail.com,.Cf}q9}'mmq
4e7c41df-a075-3309-8b0c-6dd09b00d6bc,Ms.,Ona,Brekke,"42A/70 Lebsack Rapids","San Carlos",Mandaue,Utah,"Falkland Islands (Malvinas)",111-895-523,446-856-277,Dietrich-Purdy,wuckert.info,"Orthotist OR Prosthetist",teal,2010-05-26,quigley.erick@gmail.com,"wSBdKl),Hil."
11b893a1-1e54-368d-8358-a80acb819bfb,Ms.,Jarred,Jaskolski,"92 Gislason Circles Suite 460",Valenzuela,Pagadian,Connecticut,Mexico,599-848-359,212-883-893,"Wunsch, Kuhic and McCullough",schiller.net,Arbitrator,green,1985-10-25,ydeckow@ebert.biz,"tT,1u\q\`[%cu'c;jGF"
f902368f-f4ea-3361-8974-cfb1e6a83709,Prof.,Hannah,Paucek,"58/74 Feil Manors Suite 760","El Salvador",Iriga,Alabama,Tonga,247-640-270,020-253-329,Greenholt-Wyman,harber.com,Teller,lime,1983-12-30,gottlieb.marisa@gmail.com,0wdQ0n+%EEeK
ae0f2456-61d9-3de6-967b-49ddbdf0305d,Dr.,Kraig,Stiedemann,"49 Walker Viaduct",Digos,Mabalacat,Nebraska,Montenegro,395-027-762,820-063-716,"Jakubowski and Sons",schumm.com,"Chemical Technician",teal,1970-12-29,ernser.madisen@legros.com,/ki#ogWf.O3S^@
9579be8f-07c5-344a-ab68-f22944a23d37,Mrs.,Addison,Nikolaus,"79 Frami Stravenue Apt. 472",Bacolod,Tabaco,Pennsylvania,Belarus,768-422-249,673-195-388,"Lang, Stiedemann and Kovacek",schamberger.com,"Paste-Up Worker",blue,1995-07-31,bridie10@kutch.com,"S~ox!N&hwKG,d"
40aa62e2-963d-34ea-a3e8-77178efcacc0,Dr.,Frederik,Greenholt,"91/52 Fahey Forest Suite 324","San Jose del Monte","Cebu City","Rhode Island","United Arab Emirates",764-955-138,117-081-978,Reichert-Hartmann,mckenzie.com,"Utility Meter Reader",fuchsia,1979-08-07,haylie65@hotmail.com,"#<1Te\W#$V""Wwv)}o"
39cef5ad-b791-3212-9c1b-e5343928d737,Ms.,River,Klein,"71A/17 Eichmann Keys",Tandag,Lipa,Wyoming,Dominica,623-156-592,846-841-251,"Witting Inc",lang.com,"Social Scientists",silver,1983-04-26,hgutkowski@hotmail.com,ZD^~adoTrR1@AD/H=_f
598a961b-ab81-3bdb-ac3c-16b07053da70,Dr.,Ernest,Grant,"82 Hansen Heights Apt. 542","San Jose","Davao City",California,Ukraine,374-787-998,237-895-200,"Altenwerth, Franecki and Huel",hudson.org,"Driver-Sales Worker",silver,1981-02-16,frami.amie@gmail.com,`xa8hr9p=Ot?[
21f87fff-80e9-34c0-886e-284ba7a50e08,Mrs.,Electa,Ondricka,"33A Lubowitz Flats Apt. 001",Isabela,Koronadal,"West Virginia",Mexico,618-239-861,894-728-680,"Bode LLC",witting.biz,Pediatricians,olive,1985-02-20,aschuppe@schmidt.com,m]YTt5D(~IMUxao)a27?
1d64d8e5-a967-34a6-9060-9985ad57f173,Mr.,Amya,Hand,"39/51 Jerde Lakes Suite 469","Masbate City",Tanjay,Massachusetts,"Sierra Leone",489-093-446,654-070-851,"Brekke, Schoen and Hintz",douglas.com,"Talent Acquisition Manager",lime,2010-06-25,wiza.jameson@yahoo.com,"G+|C,HxJ&k>Aw0E"
2073feff-7358-3802-b80d-79c3ad1c6e6a,Ms.,Agustina,Moen,"99/61 Schaden Square",Talisay,Bacoor,Wisconsin,Aruba,376-443-530,448-963-950,Abshire-Rohan,schmitt.com,"Employment Interviewer",yellow,2011-11-20,turner.eunice@gmail.com,;VTS4]](b
a36ab9b8-421a-3b21-8e18-c02737d300dc,Mr.,Ellie,Davis,"22A/63 Steuber Locks","San Fernando",Digos,Washington,"South Africa",094-114-386,594-034-331,Kertzmann-Kertzmann,waelchi.com,"Marine Cargo Inspector",silver,1983-09-17,mavis.corwin@gislason.com,?Tbg/3{!h5Ma'$q}VK&
de81cb21-4fc9-33ad-aff2-bc78c0bd2ea1,Ms.,Dustin,Purdy,"97 Boyle Dam","Tarlac City","Quezon City",Michigan,Uganda,841-176-829,961-247-841,"Hammes PLC",stehr.com,"Radio Operator",maroon,2014-10-06,ecasper@schneider.net,:mAw;G'2/5T9b$NxRVxQ
11775b90-01af-3a18-b3c1-331ef932b7ae,Mrs.,Heloise,Rodriguez,"31 Olson Turnpike",Taguig,Baguio,Illinois,Japan,793-931-759,406-195-949,Hettinger-Conroy,gorczany.biz,"Communications Equipment Operator",aqua,2013-08-22,udubuque@yahoo.com,pPB{u0[^
a97d1704-31c9-3280-a038-ffc4c9e0c59a,Mr.,Rasheed,Mertz,"37A/39 Shields Station",Caloocan,"Sorsogon City",Florida,Uganda,120-924-442,715-346-670,Price-Stiedemann,gulgowski.com,Chemist,aqua,1996-02-04,vrunolfsson@hotmail.com,_]'+d_E`i
6d2cad74-2805-3ac1-8219-73c28bb81623,Dr.,Mckenzie,Feest,"35 Ward Centers Apt. 993",Antipolo,Baybay,Washington,Aruba,095-038-614,031-518-831,Gibson-Emard,hudson.com,"Prepress Technician",olive,2021-07-17,twuckert@ernser.com,{{=tfM
2557899d-d7dd-3b4d-9661-24268fe636da,Mr.,Florine,Johnson,"70A Hamill Burgs Apt. 270","San Fernando","San Juan",Alabama,Cyprus,397-520-113,658-144-470,"Adams Inc",huels.com,"Command Control Center Specialist",aqua,1995-08-05,lane93@gmail.com,RXE+jrwu}:Id-i
8ad13f2e-1402-3b76-9154-c7bf8ca85ebe,Mrs.,Winfield,Leuschke,"90/31 Cronin Roads",Manila,"Davao City","North Dakota","Palestinian Territories",424-892-398,597-529-573,"Gutkowski and Sons",upton.com,"Electronic Masking System Operator",lime,2002-04-17,tkohler@hoppe.biz,;J]QDd+
784bfc0d-11a6-3c25-9449-1602bc255d0d,Mr.,Chet,Abshire,"72 Wintheiser Tunnel","General Santos",Bago,"New Jersey","Faroe Islands",620-628-553,834-991-059,"McClure, Okuneva and Dickens",schiller.com,"Parking Enforcement Worker",blue,1971-11-20,kunde.genesis@schulist.com,2XSMRWqT
38bdb455-e026-3c3e-ac11-16f26d62bbd3,Dr.,Lafayette,Mann,"77/82 Wilderman Lights Suite 194","San Fernando",Cadiz,Georgia,Liechtenstein,222-296-413,370-095-432,"VonRueden, Schuppe and Altenwerth",conroy.com,"Stringed Instrument Repairer and Tuner",gray,2009-07-07,rudy64@hotmail.com,2Zl2A5)#:~k[O
068736b3-2c5a-33bb-9637-ca37fda0566b,Dr.,Christelle,Bosco,"87A Hermiston Wells Apt. 133","Trece Martires",Antipolo,"New York",Uganda,420-400-975,902-278-642,Klocko-Ward,mcclure.com,"Nursery Worker",fuchsia,1971-01-28,fadams@hotmail.com,S2Q!:F6CbeZ
ff789404-3d66-3845-8e4f-174c4f89f45d,Mr.,Hubert,Robel,"23A/93 Cole Turnpike Apt. 040",Talisay,Tacurong,"North Carolina",Peru,240-865-969,756-541-053,"Fadel, Lesch and Daniel",block.biz,Actor,white,1977-05-27,camille74@kihn.com,(K$*rj3w9~-E*ja
bed0508a-67a1-3da3-9da2-7da8ef8bfcf8,Dr.,Christophe,Wolff,"87A/95 Terry Ports",Talisay,Mati,"South Carolina",Israel,750-093-126,668-437-307,"Osinski Group",purdy.com,"Orthotist OR Prosthetist",maroon,1979-07-24,schroeder.luna@dickinson.com,"kFyx,B{3],b%kE)+%n26"
28ae9379-f5e0-3a9b-9407-abf17326dc53,Dr.,Petra,Heaney,"84A Rosenbaum Brook",Tangub,Antipolo,Wyoming,"Holy See (Vatican City State)",854-549-128,678-477-319,"Koch PLC",king.com,"Electrical Engineer",green,2004-07-30,judy11@breitenberg.com,")<DQ,9l~)!\u"
1991e398-b134-3798-adfb-df3e0c867b9f,Dr.,Raina,Trantow,"63A/85 Baumbach Mountains","Cebu City",Muntinlupa,Florida,Mexico,714-672-614,475-002-411,"Blick, Purdy and Dach",dach.com,"Office Clerk",blue,1974-06-16,brandyn06@jones.info,5f&s.`g!
8e584530-10ad-3cdf-b937-c13f5dad50ef,Dr.,Mattie,Beatty,"91A Heaney Branch",Tanjay,Mati,"North Dakota",Venezuela,059-266-938,249-339-217,"Bartell Inc",beier.com,"Community Service Manager",gray,1998-12-07,chaim.considine@yahoo.com,Njs^#{BPn
3cea569b-523b-3382-a99f-58faa7977f82,Prof.,Marianne,Borer,"31A Jast Port",Iligan,Calapan,Arkansas,Guadeloupe,579-496-080,422-703-147,"King Group",trantow.info,"Sports Book Writer",teal,1972-09-07,kari.mcglynn@langosh.com,"I,dF:&"
bd164b01-fafe-3840-b0d9-6a0bc34adce2,Mr.,Evangeline,Zieme,"81A McGlynn Stravenue","Batangas City","San Carlos",Ohio,Belgium,502-130-057,865-090-867,"Blick, Streich and Moore",bergnaum.biz,"Sales Manager",maroon,1979-06-29,ralph14@hotmail.com,"7J0oY!_&""In7K?jm"
7adf9dfb-ad4b-3f27-a893-3bb22178ab40,Prof.,Garfield,Koelpin,"31A/95 Wuckert Summit Apt. 199",Passi,Gingoog,Tennessee,"Northern Mariana Islands",470-724-170,832-977-830,"Bradtke Ltd",hoppe.com,"Product Management Leader",fuchsia,2008-02-28,sschinner@zemlak.biz,=?_l)/+`
7bd16452-50cf-3039-bd1f-e2a38d30b1bf,Prof.,Brenna,Ruecker,"73A Cole Mews Apt. 905",Butuan,Ozamiz,Michigan,"Northern Mariana Islands",805-963-097,807-990-083,"Lakin, Kessler and Bode",wisozk.biz,"Camera Operator",blue,1996-10-01,haley.maybelle@yahoo.com,+7kL@@u26gM_<tUR
fdb1c947-0b7e-3082-8889-55389ec4c4ba,Prof.,Jessie,Turcotte,"85 Abernathy Mews Apt. 874",Gapan,Marikina,"New York","Libyan Arab Jamahiriya",183-523-308,488-193-037,"Treutel Ltd",schowalter.net,"Nursing Aide",maroon,2018-05-30,hwilkinson@gmail.com,2)31mfSt1yKbl|(BkOPe
1b0c67d4-4380-3202-8422-f9924fd08c20,Prof.,Josie,Brekke,"31A Prohaska Meadow Apt. 992",Carcar,"San Fernando",Iowa,Cameroon,083-874-122,641-562-168,"Fritsch and Sons",monahan.com,"Loan Officer",olive,1994-03-15,john.bruen@torp.biz,vKI*9u_
2e9c83fe-6e64-34da-8c9c-d84515f8562a,Dr.,Asa,Trantow,"75 Tromp Throughway",Bayugan,Isabela,"Rhode Island",Botswana,103-725-895,170-461-796,Gaylord-Sauer,larson.com,"Reporters OR Correspondent",lime,1990-11-18,merritt28@green.info,*!/_78k3#SaW-bSB1616
0689c093-b505-3265-acda-84eada588770,Prof.,Lucinda,Ryan,"87 Streich Hollow",Bago,"Iloilo City",Wyoming,"Saint Lucia",747-593-903,741-894-503,"Schowalter, Medhurst and Abernathy",pollich.biz,"Producers and Director",purple,1983-05-05,ucarroll@gmail.com,Em?}FXsM]]O
7b7ca7fc-00a2-3a3b-8cbf-0ef14d16d3ee,Dr.,Candace,Ondricka,"19/39 Reichel Manor Suite 105","San Pablo",Tabuk,"North Dakota","Northern Mariana Islands",251-920-813,661-030-648,"Lynch LLC",turcotte.info,"Record Clerk",blue,1983-07-06,gussie91@yahoo.com,"Q,/uj4?\sW"
84e4eb32-ffd8-3cef-a633-548d8b1117c7,Prof.,Alberta,Tremblay,"57/10 Hill Place Suite 278","La Carlota","San Jose",Maine,"Saint Helena",699-337-550,593-043-529,"Keebler, Koch and Balistreri",ruecker.com,"Night Shift",blue,1991-10-04,ernesto81@homenick.com,#Lg?4T]4
c3673069-3669-32fb-ab9b-48f08c02f0e0,Mr.,Armando,Corwin,"93/62 Lang Loop",Antipolo,Calapan,Montana,"Syrian Arab Republic",064-672-779,263-496-021,"Wehner, Hamill and Jaskolski",wolff.com,"Manager of Food Preparation",gray,1984-05-02,lshields@labadie.org,`VrONad8%L2)[D#
b147e09a-6d4a-3328-891c-58b6cc028264,Dr.,Hubert,West,"23A/80 Lesch Lodge Suite 560",Tacloban,Candon,Arkansas,Japan,993-141-641,054-990-357,"Sawayn and Sons",cartwright.com,"Homeland Security",black,2016-08-04,abigayle.purdy@kreiger.org,"F{\kB#+h:"""
0cbb5b69-9c5d-3fa2-9fbd-b78ecbe45160,Dr.,Whitney,Fadel,"77/79 Mraz Bridge",Bayawan,Sipalay,Connecticut,Eritrea,262-886-823,465-369-333,"Emard Inc",krajcik.com,"Computer Hardware Engineer",white,1970-09-10,lucious78@halvorson.biz,sS?&zwZ1Nno=RB`$a
bc0c9bcb-20ae-3483-a252-73d773dbeb2b,Ms.,Kelsi,Jacobs,"17 Rohan Canyon",Baguio,Passi,Utah,Korea,563-320-044,070-841-499,"Feest Ltd",grady.biz,"Jewelry Model OR Mold Makers",white,1986-07-08,ezekiel07@nienow.org,B@oW4<H8)
eb168e60-4a6f-3d3a-9369-9ada1b1ef6e8,Mr.,Nat,Franecki,"15 Doyle Crossing","General Santos",Legazpi,Colorado,Panama,241-550-895,776-521-995,"Langosh Inc",schroeder.com,"Aircraft Launch and Recovery Officer",black,2020-08-12,lemke.torrance@cormier.com,"\]./!m!3+"
c600d544-ba8b-3318-a9e2-2a0c5fb527fd,Mr.,Murl,Huels,"82A Beier Bypass",Naga,Valenzuela,Florida,Uruguay,837-396-116,899-954-301,"Roberts Group",lesch.com,"Head Nurse",navy,2015-10-21,fanny37@harvey.biz,|eMWDE_v+{L@v9W4cSRa
d4904a7d-2632-3ab0-99d0-a51d41f33271,Prof.,Kenton,Vandervort,"00A Cruickshank Loop Apt. 920",Iligan,Panabo,Iowa,Seychelles,530-458-037,965-518-547,"Zboncak LLC",rolfson.org,"Shipping and Receiving Clerk",olive,2008-08-25,yolanda30@wiza.com,">>O>|=uc?,I"
5b1dcf8a-a735-3b1d-bb24-2eef7d5f0f06,Prof.,Fleta,Gleichner,"74A/24 Jenkins Hills Suite 640",Alaminos,Tagaytay,Tennessee,Bhutan,137-012-346,534-152-261,"Hettinger Ltd",jerde.com,"Armored Assault Vehicle Crew Member",teal,1977-02-07,sienna.stokes@hotmail.com,"M=`h|u~B?u~,.`"
7213415e-bd98-3327-aef9-9c85ae1a2bb5,Mr.,Joshua,Macejkovic,"28A/31 Bechtelar Square Suite 880","Masbate City","Quezon City",Washington,Fiji,185-852-572,764-674-139,"Graham, Kutch and Sporer",feeney.org,"Law Enforcement Teacher",gray,1971-07-24,meta42@yahoo.com,b2G)D%9
5e7a07ae-c1c9-3c1b-9eea-641c9b32d494,Prof.,Devon,Rodriguez,"42 Dare Corners",Tuguegarao,"San Fernando","New York","United Kingdom",364-245-590,762-744-674,"Labadie, Stanton and Tremblay",wunsch.biz,"Printing Press Machine Operator",green,1991-06-16,lexie35@yahoo.com,"1Xc1kaC+4B5g,w""~""Oa"
3b7550d7-bb94-3091-9c11-1f1fee8e00e9,Dr.,Jackie,Bogan,"90/43 Schumm Prairie",Himamaylan,Ilagan,"District of Columbia",Peru,778-058-792,980-667-823,"Cruickshank Group",stanton.net,"Ship Carpenter and Joiner",gray,1976-11-02,kfadel@bartell.com,"w5,o'rR_:?8"
8408569a-7991-35b3-8e06-625fc28b6a8a,Dr.,Abe,Schaefer,"64A Erdman Forges",Ilagan,Tacurong,Wisconsin,Mongolia,309-921-907,836-855-689,"Beatty LLC",bruen.info,"Radio Operator",navy,2019-01-18,bettie.cremin@gmail.com,D<rp>-:3]u};+O2
407defab-6709-3f89-8d56-a46b8f27adbf,Ms.,Lila,Fisher,"60/99 Kulas Circle",Lucena,"Cebu City",Massachusetts,Croatia,012-611-265,259-084-657,"Wisozk PLC",cummerata.com,"Life Science Technician",fuchsia,2008-10-05,icasper@yahoo.com,.=Cy3}8hq5nkTJbS
74040694-be5f-35bb-96d5-dae9c161b7b8,Miss,Terrance,Jaskolski,"62A/25 Daugherty Parks Suite 620","Cagayan de Oro","San Fernando",Oregon,Myanmar,821-066-929,515-599-858,"Reichel Inc",grimes.info,"Fiberglass Laminator and Fabricator",black,1974-01-31,lindsay99@okeefe.info,">lumq[mi!-`\G"
fb5aa544-a48d-3731-a418-33574e741320,Mr.,Greta,Dach,"36A Williamson Circle Apt. 263","San Carlos",Candon,Colorado,Indonesia,694-528-833,559-699-022,Kutch-Goldner,macejkovic.info,"Central Office Operator",yellow,2024-07-08,chris55@murazik.com,[8ppMjv/5AmQ^
c411dc50-6d7c-3edd-98aa-a0001e014ef9,Ms.,Meaghan,Osinski,"12A Stokes Avenue Suite 782",Isabela,Kidapawan,"North Carolina",Turkmenistan,224-938-046,428-039-423,"Hickle and Sons",jacobs.com,"Employment Interviewer",fuchsia,1974-04-29,grant01@gmail.com,"\Rp(3n]bQ28^@>"
34988134-3302-3bef-9183-617ef5347c26,Dr.,Lou,Lehner,"18 Kuhn Knoll",Lucena,Bais,Oklahoma,"El Salvador",094-975-866,710-034-836,"Renner, Crona and Labadie",boyle.info,Grips,purple,2006-03-06,rbailey@stoltenberg.com,2oCG5H.8uwLkU!
b11a1e62-7e46-310f-b835-01698990075d,Dr.,Pat,Hill,"12/11 Baumbach Wells Apt. 036",Borongan,Mabalacat,Montana,Paraguay,401-100-866,542-839-875,"Kunze, Koepp and Bins",kuhn.com,"Motorboat Operator",maroon,1990-08-11,cruickshank.karelle@hyatt.com,m(7.a$*]1d8I<
